frame,torso,joint_right_shoulder_pitch,joint_right_shoulder_roll,joint_right_arm_yaw,joint_right_elbow_pitch,joint_right_forearm_yaw,joint_right_wrist_pitch,joint_right_wrist_roll,hand_right_pinky,hand_right_ring,hand_right_middle,hand_right_index,hand_right_thumb,joint_left_shoulder_pitch,joint_left_shoulder_roll,joint_left_arm_yaw,joint_left_elbow_pitch,joint_left_forearm_yaw,joint_left_wrist_pitch,joint_left_wrist_roll,hand_left_pinky,hand_left_middle,hand_left_ring,hand_left_thumb,hand_left_index,joint_head_yaw,joint_head_pitch
1,0.0,0.0,-0.0,0.07,0.15,0.15,0.0,-0.09,0.0,0.0,0.0,0.0,0.0,0.0,0.0,0.07,0.15,0.15,-0.0,-0.07,0.0,0.0,-0.0,-0.0,0.0,-0.0,-0.0
2,0.0,0.0,0.03,0.07,0.15,0.15,0.0,-0.09,-0.0,-0.0,-0.0,-0.0,0.0,0.0,0.03,0.07,0.15,0.15,-0.0,-0.07,-0.0,0.0,-0.0,0.0,0.0,-0.0,-0.0
3,0.0,0.0,0.13,0.07,0.15,0.15,0.0,-0.09,0.0,-0.0,-0.0,-0.0,0.0,0.0,0.13,0.07,0.15,0.15,-0.0,-0.07,0.0,0.0,-0.0,0.0,0.0,-0.0,-0.0
4,0.0,0.0,0.26,0.07,0.15,0.15,-0.0,-0.09,-0.0,-0.0,-0.0,-0.0,-0.0,0.0,0.26,0.07,0.15,0.15,0.0,-0.07,-0.0,-0.0,0.0,-0.0,-0.0,-0.0,-0.0
5,0.0,0.0,0.42,0.07,0.15,0.15,0.0,-0.09,-0.0,-0.0,-0.0,-0.0,0.0,0.0,0.42,0.07,0.15,0.15,0.0,-0.07,0.0,0.0,0.0,-0.0,0.0,-0.0,-0.0
6,0.0,0.0,0.58,0.07,0.15,0.15,0.0,-0.09,0.0,0.0,0.0,0.0,-0.0,0.0,0.58,0.07,0.15,0.15,0.0,-0.07,0.0,0.0,0.0,0.0,0.0,-0.0,-0.0
7,0.0,0.0,0.74,0.07,0.15,0.15,0.0,-0.09,0.0,0.0,0.0,0.0,0.0,0.0,0.74,0.07,0.15,0.15,-0.0,-0.07,0.0,0.0,0.0,-0.0,0.0,-0.0,-0.0
8,0.0,0.0,0.87,0.07,0.15,0.15,0.0,-0.09,-0.0,-0.0,-0.0,-0.0,0.0,0.0,0.87,0.07,0.15,0.15,0.0,-0.07,0.0,-0.0,0.0,-0.0,0.0,-0.0,-0.0
9,0.0,0.0,0.97,0.07,0.15,0.15,0.0,-0.09,0.0,0.0,0.0,0.0,0.0,0.0,0.97,0.07,0.15,0.15,0.0,-0.07,0.0,0.0,0.0,0.0,0.0,-0.0,-0.0
10,0.0,0.0,1.0,0.07,0.15,0.15,0.0,-0.09,0.0,0.0,0.0,0.0,0.0,0.0,1.0,0.07,0.15,0.15,-0.0,-0.07,0.0,-0.0,0.0,0.0,-0.0,-0.0,-0.0
11,0.0,0.0,0.99,0.07,0.15,0.15,0.0,-0.09,0.0,0.0,0.0,0.0,-0.0,0.0,0.99,0.07,0.15,0.15,0.0,-0.07,0.0,-0.0,0.0,0.0,-0.0,-0.0,-0.0
12,0.0,0.0,0.97,0.07,0.15,0.15,0.0,-0.09,0.0,0.0,0.0,0.0,0.0,0.0,0.97,0.07,0.15,0.15,0.0,-0.07,0.0,0.0,0.0,-0.0,0.0,-0.0,-0.0
13,0.0,0.0,0.93,0.07,0.15,0.15,0.0,-0.09,0.0,0.0,0.0,0.0,0.0,0.0,0.93,0.07,0.15,0.15,0.0,-0.07,0.0,-0.0,0.0,0.0,0.0,-0.0,-0.0
14,0.0,0.0,0.88,0.07,0.15,0.15,0.0,-0.09,0.0,0.0,0.0,0.0,0.0,0.0,0.88,0.07,0.15,0.15,0.0,-0.07,0.0,0.0,0.0,-0.0,0.0,-0.0,-0.0
15,0.0,0.0,0.84,0.07,0.15,0.15,-0.0,-0.09,0.0,0.0,0.0,0.0,0.0,0.0,0.84,0.07,0.15,0.15,-0.0,-0.07,0.0,0.0,0.0,0.0,0.0,-0.0,-0.0
16,0.0,0.0,0.79,0.07,0.15,0.15,0.0,-0.09,0.0,0.0,0.0,0.0,0.0,0.0,0.79,0.07,0.15,0.15,-0.0,-0.07,0.0,-0.0,0.0,0.0,0.0,-0.0,-0.0
17,0.0,0.0,0.74,0.07,0.15,0.15,0.0,-0.09,0.0,0.0,0.0,0.0,0.0,0.0,0.74,0.07,0.15,0.15,0.0,-0.07,0.0,-0.0,0.0,0.0,0.0,-0.0,-0.0
18,0.0,0.0,0.71,0.07,0.15,0.15,0.0,-0.09,-0.0,-0.0,-0.0,-0.0,-0.0,0.0,0.71,0.07,0.15,0.15,-0.0,-0.07,0.0,0.0,0.0,-0.0,0.0,-0.0,-0.0
19,0.0,0.0,0.68,0.07,0.15,0.15,0.0,-0.09,0.0,0.0,0.0,0.0,0.0,0.0,0.68,0.07,0.15,0.15,0.0,-0.07,0.0,0.0,0.0,0.0,0.0,-0.0,-0.0
20,0.0,0.0,0.67,0.07,0.15,0.15,-0.0,-0.09,0.0,0.0,0.0,0.0,0.0,0.0,0.67,0.07,0.15,0.15,0.0,-0.07,0.0,0.0,0.0,-0.0,0.0,-0.0,-0.0
21,0.0,0.0,0.68,0.07,0.15,0.15,0.0,-0.09,0.0,0.0,0.0,0.0,0.0,0.0,0.68,0.07,0.15,0.15,0.0,-0.07,0.0,0.0,0.0,-0.0,0.0,-0.0,-0.0
22,0.0,0.0,0.71,0.07,0.15,0.15,0.0,-0.09,0.0,0.0,0.0,0.0,0.0,0.0,0.71,0.07,0.15,0.15,-0.0,-0.07,0.0,0.0,0.0,0.0,0.0,-0.0,-0.0
23,0.0,0.0,0.76,0.07,0.15,0.15,-0.0,-0.09,0.0,0.0,0.0,0.0,0.0,0.0,0.76,0.07,0.15,0.15,0.0,-0.07,0.0,0.0,0.0,0.0,0.0,-0.0,-0.0
24,0.0,0.0,0.82,0.07,0.15,0.15,0.0,-0.09,-0.0,-0.0,-0.0,-0.0,0.0,0.0,0.82,0.07,0.15,0.15,-0.0,-0.07,-0.0,-0.0,-0.0,-0.0,-0.0,-0.0,-0.0
25,0.0,0.0,0.88,0.07,0.15,0.15,0.0,-0.09,0.0,0.0,0.0,0.0,0.0,0.0,0.88,0.07,0.15,0.15,0.0,-0.07,0.0,-0.0,0.0,0.0,0.0,-0.0,-0.0
26,0.0,0.0,0.94,0.07,0.15,0.15,0.0,-0.09,0.0,0.0,0.0,0.0,0.0,0.0,0.94,0.07,0.15,0.15,0.0,-0.07,0.0,-0.0,0.0,0.0,0.0,-0.0,-0.0
27,0.0,0.0,1.0,0.07,0.15,0.15,-0.0,-0.09,0.0,0.0,0.0,0.0,0.0,0.0,1.0,0.07,0.15,0.15,0.0,-0.07,0.0,0.0,0.0,0.0,0.0,-0.0,-0.0
28,0.0,0.0,1.05,0.07,0.15,0.15,-0.0,-0.09,0.0,0.0,0.0,0.0,0.0,0.0,1.05,0.07,0.15,0.15,0.0,-0.07,0.0,-0.0,0.0,0.0,-0.0,-0.0,-0.0
29,0.0,0.0,1.08,0.07,0.15,0.15,0.0,-0.09,-0.0,-0.0,-0.0,-0.0,0.0,0.0,1.08,0.07,0.15,0.15,-0.0,-0.07,0.0,-0.0,0.0,-0.0,-0.0,-0.0,-0.0
30,0.0,0.0,1.09,0.07,0.15,0.15,-0.0,-0.09,0.0,0.0,0.0,0.0,0.0,0.0,1.09,0.07,0.15,0.15,0.0,-0.07,0.0,0.0,0.0,-0.0,0.0,-0.0,-0.0
31,0.0,0.0,1.06,0.07,0.15,0.15,0.0,-0.09,0.0,0.0,0.0,0.0,0.0,0.0,1.06,0.07,0.15,0.15,0.0,-0.07,0.0,-0.0,0.0,0.0,-0.0,-0.0,-0.0
32,0.0,0.0,0.99,0.07,0.15,0.15,-0.0,-0.09,0.0,0.0,0.0,0.0,0.0,0.0,0.99,0.07,0.15,0.15,-0.0,-0.07,0.0,0.0,0.0,0.0,0.0,-0.0,-0.0
33,0.0,0.0,0.88,0.07,0.15,0.15,0.0,-0.09,0.0,0.0,0.0,0.0,0.0,0.0,0.88,0.07,0.15,0.15,0.0,-0.07,0.0,-0.0,0.0,0.0,0.0,-0.0,-0.0
34,0.0,0.0,0.74,0.07,0.15,0.15,0.0,-0.09,-0.0,-0.0,-0.0,-0.0,0.0,0.0,0.74,0.07,0.15,0.15,-0.0,-0.07,0.0,-0.0,0.0,0.0,0.0,-0.0,-0.0
35,0.0,0.0,0.59,0.07,0.15,0.15,-0.0,-0.09,0.0,0.0,0.0,0.0,0.0,0.0,0.59,0.07,0.15,0.15,0.0,-0.07,0.0,0.0,0.0,0.0,0.0,-0.0,-0.0
36,0.0,0.0,0.44,0.07,0.15,0.15,0.0,-0.09,-0.0,-0.0,-0.0,-0.0,0.0,0.0,0.44,0.07,0.15,0.15,0.0,-0.07,0.0,-0.0,-0.0,0.0,-0.0,-0.0,-0.0
37,0.0,0.0,0.31,0.07,0.15,0.15,-0.0,-0.09,-0.0,-0.0,-0.0,-0.0,-0.0,0.0,0.31,0.07,0.15,0.15,-0.0,-0.07,0.0,-0.0,-0.0,0.0,-0.0,-0.0,-0.0
38,0.0,0.0,0.19,0.07,0.15,0.15,0.0,-0.09,-0.0,-0.0,-0.0,-0.0,0.0,0.0,0.19,0.07,0.15,0.15,0.0,-0.07,-0.0,-0.0,0.0,0.0,-0.0,-0.0,-0.0
39,0.0,0.0,0.12,0.07,0.15,0.15,-0.0,-0.09,-0.0,-0.0,-0.0,-0.0,0.0,0.0,0.12,0.07,0.15,0.15,0.0,-0.07,-0.0,-0.0,-0.0,-0.0,-0.0,-0.0,-0.0
40,0.0,0.0,0.09,0.07,0.15,0.15,0.0,-0.09,-0.0,-0.0,-0.0,-0.0,0.0,0.0,0.09,0.07,0.15,0.15,0.0,-0.07,0.0,0.0,0.0,0.0,0.0,-0.0,-0.0
41,0.0,0.0,0.11,0.07,0.15,0.15,0.0,-0.09,0.0,0.0,0.0,0.0,0.0,0.0,0.11,0.07,0.15,0.15,0.0,-0.07,0.0,0.0,0.0,0.0,0.0,-0.0,-0.0
42,0.0,0.0,0.17,0.07,0.15,0.15,0.0,-0.09,0.0,0.0,0.0,0.0,0.0,0.0,0.17,0.07,0.15,0.15,0.0,-0.07,-0.0,-0.0,-0.0,0.0,-0.0,-0.0,-0.0
43,0.0,0.0,0.26,0.07,0.15,0.15,0.0,-0.09,0.0,0.0,0.0,0.0,0.0,0.0,0.26,0.07,0.15,0.15,-0.0,-0.07,0.0,0.0,0.0,0.0,0.0,-0.0,-0.0
44,0.0,0.0,0.36,0.07,0.15,0.15,0.0,-0.09,0.0,0.0,0.0,0.0,-0.0,0.0,0.36,0.07,0.15,0.15,-0.0,-0.07,0.0,0.0,0.0,-0.0,0.0,-0.0,-0.0
45,0.0,0.0,0.47,0.07,0.15,0.15,0.0,-0.09,-0.0,-0.0,-0.0,-0.0,0.0,0.0,0.47,0.07,0.15,0.15,0.0,-0.07,0.0,-0.0,-0.0,0.0,-0.0,-0.0,-0.0
46,0.0,0.0,0.59,0.07,0.15,0.15,-0.0,-0.09,0.0,0.0,0.0,0.0,0.0,0.0,0.59,0.07,0.15,0.15,0.0,-0.07,0.0,-0.0,0.0,0.0,0.0,-0.0,-0.0
47,0.0,0.0,0.69,0.07,0.15,0.15,0.0,-0.09,0.0,0.0,0.0,0.0,-0.0,0.0,0.69,0.07,0.15,0.15,0.0,-0.07,0.0,0.0,0.0,0.0,0.0,-0.0,-0.0
48,0.0,0.0,0.78,0.07,0.15,0.15,0.0,-0.09,0.0,0.0,0.0,0.0,0.0,0.0,0.78,0.07,0.15,0.15,-0.0,-0.07,0.0,0.0,0.0,0.0,0.0,-0.0,-0.0
49,0.0,0.0,0.84,0.07,0.15,0.15,0.0,-0.09,0.0,0.0,0.0,0.0,-0.0,0.0,0.84,0.07,0.15,0.15,-0.0,-0.07,0.0,-0.0,0.0,0.0,0.0,-0.0,-0.0
50,0.0,0.0,0.86,0.07,0.15,0.15,0.0,-0.09,-0.0,-0.0,-0.0,-0.0,0.0,0.0,0.86,0.07,0.15,0.15,0.0,-0.07,0.0,-0.0,0.0,-0.0,0.0,-0.0,-0.0
51,0.0,0.0,0.85,0.07,0.15,0.15,0.0,-0.09,0.0,0.0,0.0,0.0,0.0,0.0,0.85,0.07,0.15,0.15,-0.0,-0.07,0.0,0.0,0.0,0.0,0.0,-0.0,-0.0
52,0.0,0.0,0.83,0.07,0.15,0.15,-0.0,-0.09,0.0,0.0,0.0,0.0,0.0,0.0,0.83,0.07,0.15,0.15,0.0,-0.07,0.0,-0.0,0.0,-0.0,0.0,-0.0,-0.0
53,0.0,0.0,0.8,0.07,0.15,0.15,-0.0,-0.09,0.0,0.0,0.0,0.0,-0.0,0.0,0.8,0.07,0.15,0.15,0.0,-0.07,0.0,-0.0,0.0,0.0,0.0,-0.0,-0.0
54,0.0,0.0,0.75,0.07,0.15,0.15,-0.0,-0.09,0.0,0.0,0.0,0.0,0.0,0.0,0.75,0.07,0.15,0.15,0.0,-0.07,0.0,0.0,0.0,0.0,0.0,-0.0,-0.0
55,0.0,0.0,0.7,0.07,0.15,0.15,0.0,-0.09,0.0,0.0,0.0,0.0,0.0,0.0,0.7,0.07,0.15,0.15,0.0,-0.07,0.0,0.0,0.0,0.0,0.0,-0.0,-0.0
56,0.0,0.0,0.65,0.07,0.15,0.15,0.0,-0.09,-0.0,-0.0,-0.0,-0.0,0.0,0.0,0.65,0.07,0.15,0.15,0.0,-0.07,0.0,0.0,0.0,0.0,0.0,-0.0,-0.0
57,0.0,0.0,0.58,0.07,0.15,0.15,-0.0,-0.09,0.0,0.0,0.0,0.0,-0.0,0.0,0.58,0.07,0.15,0.15,-0.0,-0.07,0.0,0.0,0.0,0.0,0.0,-0.0,-0.0
58,0.0,0.0,0.52,0.07,0.15,0.15,0.0,-0.09,-0.0,-0.0,-0.0,-0.0,0.0,0.0,0.52,0.07,0.15,0.15,0.0,-0.07,0.0,-0.0,0.0,-0.0,0.0,-0.0,-0.0
59,0.0,0.0,0.45,0.07,0.15,0.15,-0.0,-0.09,0.0,0.0,0.0,0.0,0.0,0.0,0.45,0.07,0.15,0.15,0.0,-0.07,0.0,-0.0,-0.0,0.0,-0.0,-0.0,-0.0
60,0.0,0.0,0.39,0.07,0.15,0.15,0.0,-0.09,-0.0,-0.0,-0.0,-0.0,0.0,0.0,0.39,0.07,0.15,0.15,0.0,-0.07,0.0,0.0,0.0,0.0,0.0,-0.0,-0.0
61,0.0,0.0,0.32,0.07,0.15,0.15,-0.0,-0.09,0.0,0.0,0.0,0.0,0.0,0.0,0.32,0.07,0.15,0.15,-0.0,-0.07,0.0,-0.0,-0.0,0.0,-0.0,-0.0,-0.0
62,0.0,0.0,0.26,0.07,0.15,0.15,0.0,-0.09,-0.0,-0.0,-0.0,-0.0,0.0,0.0,0.26,0.07,0.15,0.15,0.0,-0.07,0.0,0.0,0.0,0.0,0.0,-0.0,-0.0
63,0.0,0.0,0.21,0.07,0.15,0.15,-0.0,-0.09,0.0,0.0,0.0,0.0,-0.0,0.0,0.21,0.07,0.15,0.15,0.0,-0.07,-0.0,-0.0,0.0,0.0,-0.0,-0.0,-0.0
64,0.0,0.0,0.16,0.07,0.15,0.15,0.0,-0.09,0.0,0.0,0.0,0.0,0.0,0.0,0.16,0.07,0.15,0.15,0.0,-0.07,-0.0,-0.0,-0.0,0.0,-0.0,-0.0,-0.0
65,0.0,0.0,0.11,0.07,0.15,0.15,-0.0,-0.09,0.0,0.0,0.0,0.0,0.0,0.0,0.11,0.07,0.15,0.15,0.0,-0.07,0.0,0.0,0.0,-0.0,0.0,-0.0,-0.0
66,0.0,0.0,0.07,0.07,0.15,0.15,0.0,-0.09,0.0,-0.0,-0.0,-0.0,0.0,0.0,0.07,0.07,0.15,0.15,0.0,-0.07,0.0,-0.0,0.0,0.0,0.0,-0.0,-0.0
67,0.0,0.0,0.04,0.07,0.15,0.15,0.0,-0.09,-0.0,-0.0,-0.0,-0.0,0.0,0.0,0.04,0.07,0.15,0.15,0.0,-0.07,0.0,-0.0,0.0,0.0,-0.0,-0.0,-0.0
68,0.0,0.0,0.02,0.07,0.15,0.15,0.0,-0.09,-0.0,-0.0,-0.0,-0.0,0.0,0.0,0.02,0.07,0.15,0.15,-0.0,-0.07,0.0,0.0,0.0,0.0,0.0,-0.0,-0.0
69,0.0,0.0,0.01,0.07,0.15,0.15,-0.0,-0.09,0.0,0.0,0.0,0.0,0.0,0.0,0.01,0.07,0.15,0.15,-0.0,-0.07,0.0,0.0,-0.0,0.0,0.0,-0.0,-0.0
70,0.0,0.0,-0.0,0.07,0.15,0.15,0.0,-0.09,0.0,0.0,0.0,0.0,0.0,0.0,0.0,0.07,0.15,0.15,-0.0,-0.07,0.0,0.0,-0.0,-0.0,0.0,-0.0,-0.0
71,0.0,0.0,0.03,0.07,0.15,0.15,0.0,-0.09,0.0,0.0,0.0,0.0,0.0,0.0,0.03,0.07,0.15,0.15,-0.0,-0.07,0.0,0.0,-0.0,0.0,0.0,-0.0,-0.0
72,0.0,0.0,0.1,0.07,0.15,0.15,0.0,-0.09,0.0,0.0,-0.0,-0.0,0.0,0.0,0.1,0.07,0.15,0.15,0.0,-0.07,-0.0,-0.0,-0.0,0.0,-0.0,-0.0,-0.0
73,0.0,0.0,0.22,0.07,0.15,0.15,0.0,-0.09,-0.0,-0.0,-0.0,-0.0,0.0,0.0,0.22,0.07,0.15,0.15,0.0,-0.07,-0.0,-0.0,-0.0,0.0,-0.0,-0.07,-0.0
74,0.0,0.0,0.35,0.07,0.15,0.15,-0.0,-0.09,0.0,0.0,0.0,0.0,0.0,0.0,0.35,0.07,0.15,0.15,-0.0,-0.07,0.0,0.0,0.0,0.0,0.0,-0.26,-0.0
75,0.0,0.0,0.5,0.07,0.15,0.15,-0.0,-0.09,0.0,0.0,0.0,0.0,0.0,0.0,0.5,0.07,0.15,0.15,-0.0,-0.07,0.0,-0.0,-0.0,0.0,-0.0,-0.57,-0.0
76,0.0,0.0,0.65,0.07,0.15,0.15,0.0,-0.09,0.0,0.0,0.0,0.0,-0.0,0.0,0.65,0.07,0.15,0.15,0.0,-0.07,0.0,0.0,0.0,0.0,0.0,-0.99,-0.0
77,0.0,0.0,0.78,0.07,0.15,0.15,0.0,-0.09,-0.0,-0.0,-0.0,-0.0,0.0,0.0,0.78,0.07,0.15,0.15,0.0,-0.07,0.0,0.0,0.0,0.0,0.0,-1.51,-0.0
78,0.0,0.0,0.9,0.07,0.15,0.15,-0.0,-0.09,0.0,0.0,0.0,0.0,-0.0,0.0,0.9,0.07,0.15,0.15,0.0,-0.07,0.0,-0.0,0.0,0.0,0.0,-2.14,-0.0
79,0.0,0.0,0.97,0.07,0.15,0.15,0.0,-0.09,0.0,0.0,0.0,0.0,0.0,0.0,0.97,0.07,0.15,0.15,0.0,-0.07,0.0,0.0,0.0,-0.0,0.0,-2.85,0.0
80,0.0,0.0,1.0,0.07,0.15,0.15,0.0,-0.09,0.0,0.0,0.0,0.0,0.0,0.0,1.0,0.07,0.15,0.15,-0.0,-0.07,0.0,-0.0,0.0,0.0,-0.0,-3.65,-0.0
81,0.0,0.0,0.99,0.07,0.15,0.15,0.0,-0.09,0.0,0.0,0.0,0.0,-0.0,0.0,0.99,0.07,0.15,0.15,0.0,-0.07,0.0,-0.0,0.0,0.0,-0.0,-4.52,-0.0
82,0.0,0.0,0.97,0.07,0.15,0.15,0.0,-0.09,0.0,0.0,0.0,0.0,0.0,0.0,0.97,0.07,0.15,0.15,0.0,-0.07,0.0,0.0,0.0,-0.0,0.0,-5.47,0.0
83,0.0,0.0,0.93,0.07,0.15,0.15,0.0,-0.09,0.0,0.0,0.0,0.0,0.0,0.0,0.93,0.07,0.15,0.15,0.0,-0.07,0.0,-0.0,0.0,0.0,0.0,-6.47,0.0
84,0.0,0.0,0.88,0.07,0.15,0.15,0.0,-0.09,0.0,0.0,0.0,0.0,0.0,0.0,0.88,0.07,0.15,0.15,0.0,-0.07,0.0,0.0,0.0,-0.0,0.0,-7.54,0.0
85,0.0,0.0,0.84,0.07,0.15,0.15,-0.0,-0.09,0.0,0.0,0.0,0.0,0.0,0.0,0.84,0.07,0.15,0.15,-0.0,-0.07,0.0,0.0,0.0,0.0,0.0,-8.65,-0.0
86,0.0,0.0,0.79,0.07,0.15,0.15,0.0,-0.09,0.0,0.0,0.0,0.0,0.0,0.0,0.79,0.07,0.15,0.15,-0.0,-0.07,0.0,-0.0,0.0,0.0,0.0,-9.8,-0.0
87,0.0,0.0,0.74,0.07,0.15,0.15,0.0,-0.09,0.0,0.0,0.0,0.0,0.0,0.0,0.74,0.07,0.15,0.15,0.0,-0.07,0.0,-0.0,0.0,0.0,0.0,-10.99,0.0
88,0.0,0.0,0.71,0.07,0.15,0.15,0.0,-0.09,-0.0,-0.0,-0.0,-0.0,-0.0,0.0,0.71,0.07,0.15,0.15,-0.0,-0.07,0.0,0.0,0.0,-0.0,0.0,-12.21,0.0
89,0.0,0.0,0.68,0.07,0.15,0.15,0.0,-0.09,0.0,0.0,0.0,0.0,0.0,0.0,0.68,0.07,0.15,0.15,0.0,-0.07,0.0,0.0,0.0,0.0,0.0,-13.44,-0.0
90,0.0,0.0,0.67,0.07,0.15,0.15,-0.0,-0.09,0.0,0.0,0.0,0.0,0.0,0.0,0.67,0.07,0.15,0.15,0.0,-0.07,0.0,0.0,0.0,-0.0,0.0,-14.7,0.0
91,0.0,0.0,0.68,0.07,0.15,0.15,0.0,-0.09,0.0,0.0,0.0,0.0,0.0,0.0,0.68,0.07,0.15,0.15,0.0,-0.07,0.0,0.0,0.0,-0.0,0.0,-15.95,0.0
92,0.0,0.0,0.71,0.07,0.15,0.15,0.0,-0.09,0.0,0.0,0.0,0.0,0.0,0.0,0.71,0.07,0.15,0.15,-0.0,-0.07,0.0,0.0,0.0,0.0,0.0,-17.21,0.0
93,0.0,0.0,0.76,0.07,0.15,0.15,-0.0,-0.09,0.0,0.0,0.0,0.0,0.0,0.0,0.76,0.07,0.15,0.15,0.0,-0.07,0.0,0.0,0.0,0.0,0.0,-18.46,0.0
94,0.0,0.0,0.82,0.07,0.15,0.15,0.0,-0.09,-0.0,-0.0,-0.0,-0.0,0.0,0.0,0.82,0.07,0.15,0.15,-0.0,-0.07,-0.0,-0.0,-0.0,-0.0,-0.0,-19.7,0.0
95,0.0,0.0,0.88,0.07,0.15,0.15,0.0,-0.09,0.0,0.0,0.0,0.0,0.0,0.0,0.88,0.07,0.15,0.15,0.0,-0.07,0.0,-0.0,0.0,0.0,0.0,-20.92,0.0
96,0.0,0.0,0.94,0.07,0.15,0.15,0.0,-0.09,0.0,0.0,0.0,0.0,0.0,0.0,0.94,0.07,0.15,0.15,0.0,-0.07,0.0,-0.0,0.0,0.0,0.0,-22.11,0.0
97,0.0,0.0,1.0,0.07,0.15,0.15,-0.0,-0.09,0.0,0.0,0.0,0.0,0.0,0.0,1.0,0.07,0.15,0.15,0.0,-0.07,0.0,0.0,0.0,0.0,0.0,-23.26,0.0
98,0.0,0.0,1.05,0.07,0.15,0.15,-0.0,-0.09,0.0,0.0,0.0,0.0,0.0,0.0,1.05,0.07,0.15,0.15,0.0,-0.07,0.0,-0.0,0.0,0.0,-0.0,-24.37,0.0
99,0.0,0.0,1.08,0.07,0.15,0.15,0.0,-0.09,-0.0,-0.0,-0.0,-0.0,0.0,0.0,1.08,0.07,0.15,0.15,-0.0,-0.07,0.0,-0.0,0.0,-0.0,-0.0,-25.44,0.0
100,0.0,0.0,1.09,0.07,0.15,0.15,-0.0,-0.09,0.0,0.0,0.0,0.0,0.0,0.0,1.09,0.07,0.15,0.15,0.0,-0.07,0.0,0.0,0.0,-0.0,0.0,-26.44,0.0
101,0.0,0.0,1.06,0.07,0.15,0.15,0.0,-0.09,0.0,0.0,0.0,0.0,0.0,0.0,1.06,0.07,0.15,0.15,0.0,-0.07,0.0,-0.0,0.0,-0.0,-0.0,-27.39,0.0
102,0.0,0.0,0.99,0.07,0.15,0.15,-0.0,-0.09,0.0,0.0,0.0,0.0,0.0,0.0,0.99,0.07,0.15,0.15,-0.0,-0.07,0.0,0.0,0.0,0.0,0.0,-28.26,0.0
103,0.0,0.0,0.88,0.07,0.15,0.15,-0.0,-0.09,0.0,0.0,0.0,0.0,0.0,0.0,0.88,0.07,0.15,0.15,0.0,-0.07,0.0,-0.0,0.0,0.0,0.0,-29.06,0.0
104,0.0,0.0,0.74,0.07,0.15,0.15,0.0,-0.09,-0.0,-0.0,-0.0,-0.0,0.0,0.0,0.74,0.07,0.15,0.15,-0.0,-0.07,0.0,-0.0,0.0,0.0,0.0,-29.77,0.0
105,0.0,0.0,0.59,0.07,0.15,0.15,-0.0,-0.09,0.0,0.0,0.0,0.0,0.0,0.0,0.59,0.07,0.15,0.15,0.0,-0.07,0.0,0.0,0.0,0.0,0.0,-30.4,0.0
106,0.0,0.0,0.44,0.07,0.15,0.15,0.0,-0.09,-0.0,-0.0,-0.0,-0.0,0.0,0.0,0.44,0.07,0.15,0.15,0.0,-0.07,0.0,-0.0,-0.0,0.0,-0.0,-30.92,0.0
107,0.0,0.0,0.31,0.07,0.15,0.15,-0.0,-0.09,-0.0,-0.0,-0.0,-0.0,-0.0,0.0,0.31,0.07,0.15,0.15,-0.0,-0.07,0.0,-0.0,-0.0,0.0,-0.0,-31.34,0.0
108,0.0,0.0,0.19,0.07,0.15,0.15,0.0,-0.09,-0.0,-0.0,-0.0,-0.0,0.0,0.0,0.19,0.07,0.15,0.15,0.0,-0.07,-0.0,-0.0,0.0,0.0,-0.0,-31.65,0.0
109,0.0,0.0,0.12,0.07,0.15,0.15,-0.0,-0.09,-0.0,-0.0,-0.0,-0.0,0.0,0.0,0.12,0.07,0.15,0.15,0.0,-0.07,-0.0,-0.0,-0.0,-0.0,-0.0,-31.84,0.0
110,0.0,0.0,0.09,0.07,0.15,0.15,0.0,-0.09,-0.0,-0.0,-0.0,-0.0,0.0,0.0,0.09,0.07,0.15,0.15,0.0,-0.07,0.0,0.0,0.0,0.0,0.0,-31.91,0.0
111,0.0,0.0,0.11,0.07,0.15,0.15,0.0,-0.09,0.0,0.0,0.0,0.0,0.0,0.0,0.11,0.07,0.15,0.15,0.0,-0.07,0.0,0.0,0.0,0.0,0.0,-31.91,0.08
112,0.0,0.0,0.17,0.07,0.15,0.15,0.0,-0.09,0.0,0.0,0.0,0.0,0.0,0.0,0.17,0.07,0.15,0.15,0.0,-0.07,-0.0,-0.0,-0.0,0.0,-0.0,-31.91,0.29
113,0.0,0.0,0.26,0.07,0.15,0.15,0.0,-0.09,0.0,0.0,0.0,0.0,0.0,0.0,0.26,0.07,0.15,0.15,0.0,-0.07,0.0,0.0,0.0,0.0,0.0,-31.91,0.64
114,0.0,0.0,0.36,0.07,0.15,0.15,0.0,-0.09,0.0,0.0,0.0,0.0,-0.0,0.0,0.36,0.07,0.15,0.15,-0.0,-0.07,0.0,0.0,0.0,-0.0,0.0,-31.91,1.12
115,0.0,0.0,0.47,0.07,0.15,0.15,0.0,-0.09,-0.0,-0.0,-0.0,-0.0,0.0,0.0,0.47,0.07,0.15,0.15,0.0,-0.07,0.0,-0.0,-0.0,0.0,-0.0,-31.91,1.71
116,0.0,0.0,0.59,0.07,0.15,0.15,-0.0,-0.09,0.0,0.0,0.0,0.0,0.0,0.0,0.59,0.07,0.15,0.15,0.0,-0.07,0.0,-0.0,0.0,0.0,0.0,-31.91,2.39
117,0.0,0.0,0.69,0.07,0.15,0.15,0.0,-0.09,0.0,0.0,0.0,0.0,-0.0,0.0,0.69,0.07,0.15,0.15,0.0,-0.07,0.0,0.0,0.0,0.0,0.0,-31.91,3.18
118,0.0,0.0,0.78,0.07,0.15,0.15,0.0,-0.09,0.0,0.0,0.0,0.0,0.0,0.0,0.78,0.07,0.15,0.15,-0.0,-0.07,0.0,0.0,0.0,0.0,0.0,-31.91,4.04
119,0.0,0.0,0.84,0.07,0.15,0.15,0.0,-0.09,0.0,0.0,0.0,0.0,-0.0,0.0,0.84,0.07,0.15,0.15,0.0,-0.07,0.0,-0.0,0.0,0.0,0.0,-31.91,4.97
120,0.0,0.0,0.86,0.07,0.15,0.15,0.0,-0.09,-0.0,-0.0,-0.0,-0.0,0.0,0.0,0.86,0.07,0.15,0.15,0.0,-0.07,0.0,-0.0,0.0,-0.0,0.0,-31.91,5.97
121,0.0,0.0,0.85,0.07,0.15,0.15,0.0,-0.09,0.0,0.0,0.0,0.0,0.0,0.0,0.85,0.07,0.15,0.15,-0.0,-0.07,0.0,0.0,0.0,0.0,0.0,-31.91,7.02
122,0.0,0.0,0.83,0.07,0.15,0.15,-0.0,-0.09,0.0,0.0,0.0,0.0,0.0,0.0,0.83,0.07,0.15,0.15,0.0,-0.07,0.0,-0.0,0.0,-0.0,0.0,-31.91,8.1
123,0.0,0.0,0.8,0.07,0.15,0.15,-0.0,-0.09,0.0,0.0,0.0,0.0,-0.0,0.0,0.8,0.07,0.15,0.15,0.0,-0.07,0.0,-0.0,0.0,0.0,0.0,-31.91,9.22
124,0.0,0.0,0.75,0.07,0.15,0.15,-0.0,-0.09,0.0,0.0,0.0,0.0,0.0,0.0,0.75,0.07,0.15,0.15,0.0,-0.07,0.0,0.0,0.0,0.0,0.0,-31.91,10.36
125,0.0,0.0,0.7,0.07,0.15,0.15,0.0,-0.09,0.0,0.0,0.0,0.0,0.0,0.0,0.7,0.07,0.15,0.15,0.0,-0.07,0.0,0.0,0.0,0.0,0.0,-31.91,11.51
126,0.0,0.0,0.65,0.07,0.15,0.15,0.0,-0.09,-0.0,-0.0,-0.0,-0.0,0.0,0.0,0.65,0.07,0.15,0.15,0.0,-0.07,0.0,0.0,0.0,0.0,0.0,-31.91,12.66
127,0.0,0.0,0.58,0.07,0.15,0.15,-0.0,-0.09,0.0,0.0,0.0,0.0,-0.0,0.0,0.58,0.07,0.15,0.15,-0.0,-0.07,0.0,0.0,0.0,0.0,0.0,-31.91,13.8
128,0.0,0.0,0.52,0.07,0.15,0.15,0.0,-0.09,-0.0,-0.0,-0.0,-0.0,0.0,0.0,0.52,0.07,0.15,0.15,0.0,-0.07,0.0,-0.0,0.0,-0.0,0.0,-31.91,14.92
129,0.0,0.0,0.45,0.07,0.15,0.15,-0.0,-0.09,0.0,0.0,0.0,0.0,0.0,0.0,0.45,0.07,0.15,0.15,0.0,-0.07,0.0,-0.0,-0.0,0.0,-0.0,-31.91,16.01
130,0.0,0.0,0.39,0.07,0.15,0.15,0.0,-0.09,-0.0,-0.0,-0.0,-0.0,0.0,0.0,0.39,0.07,0.15,0.15,0.0,-0.07,0.0,0.0,0.0,0.0,0.0,-31.91,17.05
131,0.0,0.0,0.32,0.07,0.15,0.15,-0.0,-0.09,0.0,0.0,0.0,0.0,0.0,0.0,0.32,0.07,0.15,0.15,-0.0,-0.07,0.0,-0.0,-0.0,0.0,-0.0,-31.91,18.05
132,0.0,0.0,0.26,0.07,0.15,0.15,0.0,-0.09,-0.0,-0.0,-0.0,-0.0,0.0,0.0,0.26,0.07,0.15,0.15,0.0,-0.07,0.0,0.0,0.0,0.0,0.0,-31.91,18.98
133,0.0,0.0,0.21,0.07,0.15,0.15,-0.0,-0.09,0.0,0.0,0.0,0.0,-0.0,0.0,0.21,0.07,0.15,0.15,0.0,-0.07,-0.0,-0.0,0.0,0.0,-0.0,-31.91,19.85
134,0.0,0.0,0.16,0.07,0.15,0.15,0.0,-0.09,0.0,0.0,0.0,0.0,0.0,0.0,0.16,0.07,0.15,0.15,0.0,-0.07,-0.0,-0.0,-0.0,0.0,-0.0,-31.91,20.63
135,0.0,0.0,0.11,0.07,0.15,0.15,-0.0,-0.09,0.0,0.0,0.0,0.0,0.0,0.0,0.11,0.07,0.15,0.15,0.0,-0.07,0.0,0.0,0.0,-0.0,0.0,-31.91,21.32
136,0.0,0.0,0.07,0.07,0.15,0.15,0.0,-0.09,0.0,-0.0,-0.0,-0.0,0.0,0.0,0.07,0.07,0.15,0.15,0.0,-0.07,0.0,-0.0,0.0,0.0,0.0,-31.91,21.9
137,0.0,0.0,0.04,0.07,0.15,0.15,0.0,-0.09,-0.0,-0.0,-0.0,-0.0,0.0,0.0,0.04,0.07,0.15,0.15,0.0,-0.07,0.0,-0.0,0.0,0.0,-0.0,-31.91,22.38
138,0.0,0.0,0.02,0.07,0.15,0.15,0.0,-0.09,-0.0,-0.0,-0.0,-0.0,0.0,0.0,0.02,0.07,0.15,0.15,-0.0,-0.07,0.0,0.0,0.0,0.0,0.0,-31.91,22.73
139,0.0,0.0,0.01,0.07,0.15,0.15,-0.0,-0.09,0.0,0.0,0.0,0.0,0.0,0.0,0.01,0.07,0.15,0.15,-0.0,-0.07,0.0,0.0,-0.0,0.0,0.0,-31.91,22.95
140,0.0,0.0,-0.0,0.07,0.15,0.15,0.0,-0.09,0.0,0.0,0.0,0.0,0.0,0.0,0.0,0.07,0.15,0.15,-0.0,-0.07,0.0,0.0,-0.0,-0.0,0.0,-31.91,23.02
141,0.0,0.0,0.03,0.07,0.15,0.15,0.0,-0.09,-0.0,-0.0,-0.0,-0.0,0.0,0.0,0.03,0.07,0.15,0.15,-0.0,-0.07,0.0,0.0,-0.0,0.0,0.0,-31.85,23.02
142,0.0,0.0,0.13,0.07,0.15,0.15,0.0,-0.09,0.0,-0.0,-0.0,-0.0,0.0,0.0,0.1,0.07,0.15,0.15,0.0,-0.07,-0.0,-0.0,-0.0,0.0,-0.0,-31.67,23.02
143,0.0,0.0,0.26,0.07,0.15,0.15,-0.0,-0.09,-0.0,-0.0,-0.0,-0.0,-0.0,0.0,0.22,0.07,0.15,0.15,0.0,-0.07,-0.0,-0.0,-0.0,0.0,-0.0,-31.37,23.02
144,0.0,0.0,0.42,0.07,0.15,0.15,0.0,-0.09,-0.0,-0.0,-0.0,-0.0,0.0,0.0,0.35,0.07,0.15,0.15,-0.0,-0.07,0.0,0.0,0.0,0.0,0.0,-30.96,23.02
145,0.0,0.0,0.58,0.07,0.15,0.15,0.0,-0.09,0.0,0.0,0.0,0.0,-0.0,0.0,0.5,0.07,0.15,0.15,-0.0,-0.07,0.0,-0.0,-0.0,0.0,-0.0,-30.44,23.02
146,0.0,0.0,0.74,0.07,0.15,0.15,0.0,-0.09,0.0,0.0,0.0,0.0,0.0,0.0,0.65,0.07,0.15,0.15,0.0,-0.07,0.0,0.0,0.0,0.0,0.0,-29.82,23.02
147,0.0,0.0,0.87,0.07,0.15,0.15,0.0,-0.09,-0.0,-0.0,-0.0,-0.0,0.0,0.0,0.78,0.07,0.15,0.15,0.0,-0.07,0.0,0.0,0.0,0.0,0.0,-29.1,23.02
148,0.0,0.0,0.97,0.07,0.15,0.15,0.0,-0.09,0.0,0.0,0.0,0.0,0.0,0.0,0.9,0.07,0.15,0.15,0.0,-0.07,0.0,-0.0,0.0,0.0,0.0,-28.28,23.02
149,0.0,0.0,1.0,0.07,0.15,0.15,0.0,-0.09,0.0,0.0,0.0,0.0,0.0,0.0,0.97,0.07,0.15,0.15,0.0,-0.07,0.0,0.0,0.0,-0.0,0.0,-27.37,23.02
150,0.0,0.0,0.99,0.07,0.15,0.15,0.0,-0.09,0.0,0.0,0.0,0.0,-0.0,0.0,1.0,0.07,0.15,0.15,-0.0,-0.07,0.0,-0.0,0.0,0.0,-0.0,-26.38,23.02
151,0.0,0.0,0.97,0.07,0.15,0.15,0.0,-0.09,0.0,0.0,0.0,0.0,0.0,0.0,0.99,0.07,0.15,0.15,0.0,-0.07,0.0,-0.0,0.0,0.0,-0.0,-25.3,23.02
152,0.0,0.0,0.93,0.07,0.15,0.15,0.0,-0.09,0.0,0.0,0.0,0.0,0.0,0.0,0.97,0.07,0.15,0.15,0.0,-0.07,0.0,0.0,0.0,-0.0,0.0,-24.14,23.02
153,0.0,0.0,0.88,0.07,0.15,0.15,0.0,-0.09,0.0,0.0,0.0,0.0,0.0,0.0,0.93,0.07,0.15,0.15,0.0,-0.07,0.0,-0.0,0.0,0.0,0.0,-22.91,23.02
154,0.0,0.0,0.84,0.07,0.15,0.15,-0.0,-0.09,0.0,0.0,0.0,0.0,0.0,0.0,0.88,0.07,0.15,0.15,0.0,-0.07,0.0,0.0,0.0,-0.0,0.0,-21.6,23.02
155,0.0,0.0,0.79,0.07,0.15,0.15,0.0,-0.09,0.0,0.0,0.0,0.0,0.0,0.0,0.84,0.07,0.15,0.15,-0.0,-0.07,0.0,0.0,0.0,0.0,0.0,-20.24,23.02
156,0.0,0.0,0.74,0.07,0.15,0.15,0.0,-0.09,0.0,0.0,0.0,0.0,0.0,0.0,0.79,0.07,0.15,0.15,-0.0,-0.07,0.0,-0.0,0.0,0.0,0.0,-18.8,23.02
157,0.0,0.0,0.71,0.07,0.15,0.15,0.0,-0.09,-0.0,-0.0,-0.0,-0.0,-0.0,0.0,0.74,0.07,0.15,0.15,0.0,-0.07,0.0,-0.0,0.0,0.0,0.0,-17.32,23.02
158,0.0,0.0,0.68,0.07,0.15,0.15,0.0,-0.09,0.0,0.0,0.0,0.0,0.0,0.0,0.71,0.07,0.15,0.15,-0.0,-0.07,0.0,0.0,0.0,-0.0,0.0,-15.77,23.02
159,0.0,0.0,0.67,0.07,0.15,0.15,-0.0,-0.09,0.0,0.0,0.0,0.0,0.0,0.0,0.68,0.07,0.15,0.15,0.0,-0.07,0.0,0.0,0.0,0.0,0.0,-14.18,23.02
160,0.0,0.0,0.68,0.07,0.15,0.15,0.0,-0.09,0.0,0.0,0.0,0.0,0.0,0.0,0.67,0.07,0.15,0.15,0.0,-0.07,0.0,0.0,0.0,-0.0,0.0,-12.54,23.02
161,0.0,0.0,0.71,0.07,0.15,0.15,0.0,-0.09,0.0,0.0,0.0,0.0,0.0,0.0,0.68,0.07,0.15,0.15,0.0,-0.07,0.0,0.0,0.0,-0.0,0.0,-10.86,23.02
162,0.0,0.0,0.76,0.07,0.15,0.15,-0.0,-0.09,0.0,0.0,0.0,0.0,0.0,0.0,0.71,0.07,0.15,0.15,-0.0,-0.07,0.0,0.0,0.0,0.0,0.0,-9.14,23.02
163,0.0,0.0,0.82,0.07,0.15,0.15,0.0,-0.09,-0.0,-0.0,-0.0,-0.0,0.0,0.0,0.76,0.07,0.15,0.15,0.0,-0.07,0.0,0.0,0.0,0.0,0.0,-7.39,23.02
164,0.0,0.0,0.88,0.07,0.15,0.15,0.0,-0.09,0.0,0.0,0.0,0.0,0.0,0.0,0.82,0.07,0.15,0.15,-0.0,-0.07,-0.0,-0.0,-0.0,-0.0,-0.0,-5.61,23.02
165,0.0,0.0,0.94,0.07,0.15,0.15,0.0,-0.09,0.0,0.0,0.0,0.0,0.0,0.0,0.88,0.07,0.15,0.15,0.0,-0.07,0.0,-0.0,0.0,0.0,0.0,-3.81,23.02
166,0.0,0.0,1.0,0.07,0.15,0.15,-0.0,-0.09,0.0,0.0,0.0,0.0,0.0,0.0,0.94,0.07,0.15,0.15,-0.0,-0.07,0.0,-0.0,0.0,0.0,0.0,-1.98,23.02
167,0.0,0.0,1.05,0.07,0.15,0.15,-0.0,-0.09,0.0,0.0,0.0,0.0,0.0,0.0,1.0,0.07,0.15,0.15,0.0,-0.07,0.0,0.0,0.0,0.0,0.0,-0.14,23.02
168,0.0,0.0,1.08,0.07,0.15,0.15,0.0,-0.09,-0.0,-0.0,-0.0,-0.0,0.0,0.0,1.05,0.07,0.15,0.15,0.0,-0.07,0.0,-0.0,0.0,0.0,-0.0,1.72,23.02
169,0.0,0.0,1.09,0.07,0.15,0.15,-0.0,-0.09,0.0,0.0,0.0,0.0,0.0,0.0,1.08,0.07,0.15,0.15,-0.0,-0.07,0.0,-0.0,0.0,-0.0,-0.0,3.58,23.02
170,0.0,0.0,1.06,0.07,0.15,0.15,0.0,-0.09,0.0,0.0,0.0,0.0,0.0,0.0,1.09,0.07,0.15,0.15,0.0,-0.07,0.0,0.0,0.0,-0.0,0.0,5.45,23.02
171,0.0,0.0,0.99,0.07,0.15,0.15,0.0,-0.09,0.0,0.0,0.0,0.0,0.0,0.0,1.06,0.07,0.15,0.15,0.0,-0.07,0.0,-0.0,0.0,0.0,-0.0,7.31,23.02
172,0.0,0.0,0.88,0.07,0.15,0.15,0.0,-0.09,0.0,0.0,0.0,0.0,0.0,0.0,0.99,0.07,0.15,0.15,-0.0,-0.07,0.0,0.0,0.0,0.0,0.0,9.18,23.02
173,0.0,0.0,0.74,0.07,0.15,0.15,0.0,-0.09,-0.0,-0.0,-0.0,-0.0,0.0,0.0,0.88,0.07,0.15,0.15,0.0,-0.07,0.0,-0.0,0.0,0.0,0.0,11.03,23.02
174,0.0,0.0,0.59,0.07,0.15,0.15,-0.0,-0.09,0.0,0.0,0.0,0.0,0.0,0.0,0.74,0.07,0.15,0.15,-0.0,-0.07,0.0,-0.0,0.0,0.0,0.0,12.87,23.02
175,0.0,0.0,0.44,0.07,0.15,0.15,0.0,-0.09,-0.0,-0.0,-0.0,-0.0,0.0,0.0,0.59,0.07,0.15,0.15,0.0,-0.07,0.0,0.0,0.0,0.0,0.0,14.7,23.02
176,0.0,0.0,0.31,0.07,0.15,0.15,-0.0,-0.09,-0.0,-0.0,-0.0,-0.0,-0.0,0.0,0.44,0.07,0.15,0.15,0.0,-0.07,0.0,-0.0,-0.0,0.0,-0.0,16.5,23.02
177,0.0,0.0,0.19,0.07,0.15,0.15,0.0,-0.09,-0.0,-0.0,-0.0,-0.0,0.0,0.0,0.31,0.07,0.15,0.15,-0.0,-0.07,0.0,-0.0,-0.0,0.0,-0.0,18.28,23.02
178,0.0,0.0,0.12,0.07,0.15,0.15,-0.0,-0.09,-0.0,-0.0,-0.0,-0.0,0.0,0.0,0.19,0.07,0.15,0.15,0.0,-0.07,-0.0,-0.0,0.0,0.0,-0.0,20.03,23.02
179,0.0,0.0,0.09,0.07,0.15,0.15,0.0,-0.09,-0.0,-0.0,-0.0,-0.0,0.0,0.0,0.12,0.07,0.15,0.15,0.0,-0.07,-0.0,-0.0,-0.0,-0.0,-0.0,21.75,23.02
180,0.0,0.0,0.11,0.07,0.15,0.15,0.0,-0.09,0.0,0.0,0.0,0.0,0.0,0.0,0.09,0.07,0.15,0.15,0.0,-0.07,0.0,0.0,0.0,0.0,0.0,23.43,23.02
181,0.0,0.0,0.17,0.07,0.15,0.15,0.0,-0.09,0.0,0.0,0.0,0.0,0.0,0.0,0.11,0.07,0.15,0.15,0.0,-0.07,0.0,0.0,0.0,0.0,0.0,25.07,23.02
182,0.0,0.0,0.26,0.07,0.15,0.15,0.0,-0.09,0.0,0.0,0.0,0.0,0.0,0.0,0.17,0.07,0.15,0.15,0.0,-0.07,-0.0,-0.0,-0.0,0.0,-0.0,26.66,23.02
183,0.0,0.0,0.36,0.07,0.15,0.15,0.0,-0.09,0.0,0.0,0.0,0.0,-0.0,0.0,0.26,0.07,0.15,0.15,-0.0,-0.07,0.0,0.0,0.0,0.0,0.0,28.21,23.02
184,0.0,0.0,0.47,0.07,0.15,0.15,0.0,-0.09,-0.0,-0.0,-0.0,-0.0,0.0,0.0,0.36,0.07,0.15,0.15,-0.0,-0.07,0.0,0.0,0.0,-0.0,0.0,29.7,23.02
185,0.0,0.0,0.59,0.07,0.15,0.15,-0.0,-0.09,0.0,0.0,0.0,0.0,0.0,0.0,0.47,0.07,0.15,0.15,0.0,-0.07,0.0,-0.0,-0.0,0.0,-0.0,31.13,23.02
186,0.0,0.0,0.69,0.07,0.15,0.15,0.0,-0.09,0.0,0.0,0.0,0.0,-0.0,0.0,0.59,0.07,0.15,0.15,0.0,-0.07,0.0,-0.0,0.0,0.0,0.0,32.5,23.02
187,0.0,0.0,0.78,0.07,0.15,0.15,0.0,-0.09,0.0,0.0,0.0,0.0,0.0,0.0,0.69,0.07,0.15,0.15,0.0,-0.07,0.0,0.0,0.0,0.0,0.0,33.8,23.02
188,0.0,0.0,0.84,0.07,0.15,0.15,0.0,-0.09,0.0,0.0,0.0,0.0,-0.0,0.0,0.78,0.07,0.15,0.15,-0.0,-0.07,0.0,0.0,0.0,0.0,0.0,35.03,23.02
189,0.0,0.0,0.86,0.07,0.15,0.15,0.0,-0.09,-0.0,-0.0,-0.0,-0.0,0.0,0.0,0.84,0.07,0.15,0.15,-0.0,-0.07,0.0,-0.0,0.0,0.0,0.0,36.19,23.02
190,0.0,0.0,0.85,0.07,0.15,0.15,0.0,-0.09,0.0,0.0,0.0,0.0,0.0,0.0,0.86,0.07,0.15,0.15,0.0,-0.07,0.0,-0.0,0.0,-0.0,0.0,37.27,23.02
191,0.0,0.0,0.83,0.07,0.15,0.15,0.0,-0.09,0.0,0.0,0.0,0.0,0.0,0.0,0.85,0.07,0.15,0.15,-0.0,-0.07,0.0,0.0,0.0,0.0,0.0,38.26,23.02
192,0.0,0.0,0.8,0.07,0.15,0.15,-0.0,-0.09,0.0,0.0,0.0,0.0,-0.0,0.0,0.83,0.07,0.15,0.15,0.0,-0.07,0.0,-0.0,0.0,-0.0,0.0,39.17,23.02
193,0.0,0.0,0.75,0.07,0.15,0.15,-0.0,-0.09,0.0,0.0,0.0,0.0,0.0,0.0,0.8,0.07,0.15,0.15,0.0,-0.07,0.0,-0.0,0.0,0.0,0.0,39.99,23.02
194,0.0,0.0,0.7,0.07,0.15,0.15,0.0,-0.09,0.0,0.0,0.0,0.0,0.0,0.0,0.75,0.07,0.15,0.15,0.0,-0.07,0.0,0.0,0.0,0.0,0.0,40.71,23.02
195,0.0,0.0,0.65,0.07,0.15,0.15,0.0,-0.09,-0.0,-0.0,-0.0,-0.0,0.0,0.0,0.7,0.07,0.15,0.15,0.0,-0.07,0.0,0.0,0.0,0.0,0.0,41.33,23.02
196,0.0,0.0,0.58,0.07,0.15,0.15,-0.0,-0.09,0.0,0.0,0.0,0.0,-0.0,0.0,0.65,0.07,0.15,0.15,0.0,-0.07,0.0,0.0,0.0,0.0,0.0,41.85,23.02
197,0.0,0.0,0.52,0.07,0.15,0.15,0.0,-0.09,-0.0,-0.0,-0.0,-0.0,0.0,0.0,0.58,0.07,0.15,0.15,-0.0,-0.07,0.0,0.0,0.0,0.0,0.0,42.26,23.02
198,0.0,0.0,0.45,0.07,0.15,0.15,-0.0,-0.09,0.0,0.0,0.0,0.0,0.0,0.0,0.52,0.07,0.15,0.15,0.0,-0.07,0.0,-0.0,0.0,-0.0,0.0,42.56,23.02
199,0.0,0.0,0.39,0.07,0.15,0.15,0.0,-0.09,-0.0,-0.0,-0.0,-0.0,0.0,0.0,0.45,0.07,0.15,0.15,0.0,-0.07,0.0,-0.0,-0.0,0.0,-0.0,42.74,23.02
200,0.0,0.0,0.32,0.07,0.15,0.15,-0.0,-0.09,0.0,0.0,0.0,0.0,0.0,0.0,0.39,0.07,0.15,0.15,0.0,-0.07,0.0,0.0,0.0,0.0,0.0,42.8,23.02
201,0.0,0.0,0.26,0.07,0.15,0.15,0.0,-0.09,-0.0,-0.0,-0.0,-0.0,0.0,0.0,0.32,0.09,0.31,0.26,-0.0,-0.07,-0.0,-0.0,-0.0,-0.0,-0.0,42.8,22.85
202,0.0,0.0,0.21,0.07,0.15,0.15,-0.0,-0.09,0.0,0.0,0.0,0.0,-0.0,0.0,0.26,0.18,0.8,0.57,0.0,-0.07,0.0,0.0,0.0,-0.0,0.0,42.8,22.35
203,0.0,0.0,0.16,0.07,0.15,0.15,0.0,-0.09,0.0,0.0,0.0,0.0,0.0,0.0,0.21,0.31,1.59,1.09,-0.0,-0.07,-0.0,-0.0,0.0,0.0,0.0,42.8,21.54
204,0.0,0.0,0.11,0.07,0.15,0.15,-0.0,-0.09,0.0,0.0,0.0,0.0,0.0,0.0,0.16,0.5,2.66,1.8,-0.0,-0.07,-0.0,-0.0,-0.0,0.0,-0.0,42.8,20.44
205,0.0,0.0,0.07,0.07,0.15,0.15,0.0,-0.09,0.0,-0.0,-0.0,-0.0,0.0,0.0,0.11,0.73,4.01,2.68,0.0,-0.07,0.0,0.0,0.0,-0.0,-0.0,42.8,19.09
206,0.0,0.0,0.04,0.07,0.15,0.15,0.0,-0.09,-0.0,-0.0,-0.0,-0.0,0.0,0.0,0.07,1.0,5.61,3.73,0.0,-0.07,0.0,0.0,0.0,0.0,0.0,42.8,17.5
207,0.0,0.0,0.02,0.07,0.15,0.15,0.0,-0.09,-0.0,-0.0,-0.0,-0.0,0.0,0.0,0.04,1.32,7.44,4.94,-0.0,-0.07,0.0,-0.0,0.0,-0.0,0.0,42.8,15.7
208,0.0,0.0,0.01,0.07,0.15,0.15,-0.0,-0.09,0.0,0.0,0.0,0.0,0.0,0.0,0.02,1.67,9.49,6.29,0.0,-0.07,-0.0,-0.0,-0.0,0.0,-0.0,42.8,13.72
209,0.0,0.0,-0.0,0.07,0.15,0.15,0.0,-0.09,0.0,0.0,0.0,0.0,0.0,0.0,0.01,2.06,11.75,7.77,-0.0,-0.07,-0.0,-0.0,-0.0,-0.0,0.0,42.8,11.56
210,0.0,0.0,0.03,0.07,0.15,0.15,0.0,-0.09,-0.0,-0.0,-0.0,-0.0,0.0,0.0,0.0,2.48,14.19,9.37,-0.0,-0.07,-0.0,-0.0,-0.0,0.0,0.0,42.8,9.27
211,0.0,0.0,0.13,0.07,0.15,0.15,0.0,-0.09,0.0,-0.0,-0.0,-0.0,0.0,0.06,0.0,2.93,16.79,11.09,-0.0,-0.07,0.0,-0.0,-0.0,0.0,0.0,42.8,6.85
212,0.0,0.0,0.26,0.07,0.15,0.15,-0.0,-0.09,-0.0,-0.0,-0.0,-0.0,-0.0,0.22,-0.0,3.4,19.55,12.9,0.0,-0.07,0.0,0.0,0.0,-0.0,0.0,42.8,4.35
213,0.0,0.0,0.42,0.07,0.15,0.15,0.0,-0.09,-0.0,-0.0,-0.0,-0.0,0.0,0.48,-0.0,3.9,22.45,14.8,0.0,-0.07,-0.0,-0.0,-0.0,0.0,-0.0,42.8,1.77
214,0.0,0.0,0.58,0.07,0.15,0.15,0.0,-0.09,0.0,0.0,0.0,0.0,-0.0,0.84,-0.0,4.42,25.46,16.78,0.0,-0.07,0.0,0.0,0.0,-0.0,0.0,42.8,-0.86
215,0.0,0.0,0.74,0.07,0.15,0.15,0.0,-0.09,0.0,0.0,0.0,0.0,0.0,1.27,-0.0,4.96,28.58,18.83,0.0,-0.07,-0.0,-0.0,-0.0,0.0,-0.0,42.8,-3.51
216,0.0,0.0,0.87,0.07,0.15,0.15,0.0,-0.09,-0.0,-0.0,-0.0,-0.0,0.0,1.79,-0.0,5.51,31.78,20.93,-0.0,-0.07,0.0,0.0,0.0,0.0,0.0,42.8,-6.16
217,0.0,0.0,0.97,0.07,0.15,0.15,0.0,-0.09,0.0,0.0,0.0,0.0,0.0,2.37,0.0,6.07,35.04,23.08,0.0,-0.07,-0.0,-0.0,-0.0,0.0,-0.0,42.8,-8.78
218,0.0,0.0,1.0,0.07,0.15,0.15,0.0,-0.09,0.0,0.0,0.0,0.0,0.0,3.01,-0.0,6.64,38.36,25.26,-0.0,-0.07,0.0,-0.0,-0.0,0.0,0.0,42.8,-11.36
219,0.0,0.0,0.99,0.07,0.15,0.15,0.0,-0.09,0.0,0.0,0.0,0.0,-0.0,3.71,-0.0,7.22,41.71,27.46,-0.0,-0.07,0.0,0.0,-0.0,-0.0,0.0,42.8,-13.87
220,0.0,0.0,0.97,0.07,0.15,0.15,0.0,-0.09,0.0,0.0,0.0,0.0,0.0,4.46,0.0,7.79,45.07,29.67,-0.0,-0.07,-0.0,-0.0,-0.0,-0.0,-0.0,42.8,-16.28
221,0.0,0.0,0.93,0.07,0.15,0.15,0.0,-0.09,0.0,0.0,0.0,0.0,0.0,5.24,-0.0,8.37,48.44,31.88,-0.0,-0.22,0.0,0.0,0.0,-0.0,0.0,42.8,-18.58
222,0.0,0.0,0.88,0.07,0.15,0.15,0.0,-0.09,0.0,0.0,0.0,0.0,0.0,6.05,-0.0,8.95,51.79,34.08,0.0,-0.65,0.0,-0.0,-0.0,-0.0,0.0,42.8,-20.73
223,0.0,0.0,0.84,0.07,0.15,0.15,-0.0,-0.09,0.0,0.0,0.0,0.0,0.0,6.89,0.0,9.52,55.11,36.26,-0.0,-1.33,-0.0,-0.0,-0.0,-0.0,-0.0,42.8,-22.72
224,0.0,0.0,0.79,0.07,0.15,0.15,0.0,-0.09,0.0,0.0,0.0,0.0,0.0,7.74,0.0,10.08,58.37,38.41,0.0,-2.23,-0.0,0.0,0.0,0.0,0.0,42.8,-24.52
225,0.0,0.0,0.74,0.07,0.15,0.15,0.0,-0.09,0.0,0.0,0.0,0.0,0.0,8.59,-0.0,10.63,61.57,40.51,-0.0,-3.32,-0.0,-0.0,-0.0,-0.0,-0.0,42.8,-26.11
226,0.0,0.0,0.71,0.07,0.15,0.15,0.0,-0.09,-0.0,-0.0,-0.0,-0.0,-0.0,9.45,0.0,11.17,64.68,42.56,0.0,-4.56,-0.0,-0.0,-0.0,-0.0,-0.0,42.8,-27.46
227,0.0,0.0,0.68,0.07,0.15,0.15,0.0,-0.09,0.0,0.0,0.0,0.0,0.0,10.3,0.0,11.69,67.7,44.53,0.0,-5.93,0.0,0.0,0.0,0.0,0.0,42.8,-28.55
228,0.0,0.0,0.67,0.07,0.15,0.15,-0.0,-0.09,0.0,0.0,0.0,0.0,0.0,11.14,0.0,12.18,70.59,46.44,-0.0,-7.39,-0.0,0.0,-0.0,-0.0,0.0,42.8,-29.36
229,0.0,0.0,0.68,0.07,0.15,0.15,0.0,-0.09,0.0,0.0,0.0,0.0,0.0,11.95,-0.0,12.66,73.35,48.25,0.0,-8.91,-0.0,0.0,-0.0,-0.0,0.0,42.8,-29.86
230,0.0,0.0,0.71,0.07,0.15,0.15,0.0,-0.09,0.0,0.0,0.0,0.0,0.0,12.73,0.0,13.11,75.96,49.97,0.0,-10.47,0.0,-0.0,0.0,0.0,-0.0,42.8,-30.04
231,0.0,0.0,0.76,0.07,0.15,0.15,-0.0,-0.09,0.0,0.0,0.0,0.0,0.0,13.48,-0.0,13.53,78.4,51.57,0.0,-12.02,-0.0,-0.0,-0.0,0.0,-0.0,42.8,-30.04
232,0.0,0.0,0.82,0.07,0.15,0.15,0.0,-0.09,-0.0,-0.0,-0.0,-0.0,0.0,14.17,-0.0,13.92,80.66,53.05,-0.0,-13.55,-0.0,-0.0,0.0,0.0,-0.0,42.8,-30.04
233,0.0,0.0,0.88,0.07,0.15,0.15,0.0,-0.09,0.0,0.0,0.0,0.0,0.0,14.82,-0.0,14.27,82.71,54.4,0.0,-15.01,-0.0,-0.0,-0.0,0.0,-0.0,42.8,-30.04
234,0.0,0.0,0.94,0.07,0.15,0.15,0.0,-0.09,0.0,0.0,0.0,0.0,0.0,15.4,0.0,14.58,84.54,55.6,0.0,-16.38,-0.0,-0.0,-0.0,0.0,-0.0,42.8,-30.04
235,0.0,0.0,1.0,0.07,0.15,0.15,-0.0,-0.09,0.0,0.0,0.0,0.0,0.0,15.91,-0.0,14.86,86.14,56.65,-0.0,-17.62,0.0,0.0,-0.0,0.0,0.0,42.8,-30.04
236,0.0,0.0,1.05,0.07,0.15,0.15,-0.0,-0.09,0.0,0.0,0.0,0.0,0.0,16.35,-0.0,15.09,87.48,57.54,-0.0,-18.71,-0.0,-0.0,-0.0,0.0,0.0,42.8,-30.04
237,0.0,0.0,1.08,0.07,0.15,0.15,0.0,-0.09,-0.0,-0.0,-0.0,-0.0,0.0,16.71,-0.0,15.28,88.56,58.24,0.0,-19.61,0.0,-0.0,-0.0,0.0,0.0,42.8,-30.04
238,0.0,0.0,1.09,0.07,0.15,0.15,-0.0,-0.09,0.0,0.0,0.0,0.0,0.0,16.97,-0.0,15.41,89.35,58.76,-0.0,-20.29,-0.0,0.0,0.0,0.0,0.0,42.8,-30.04
239,0.0,0.0,1.06,0.07,0.15,0.15,0.0,-0.09,0.0,0.0,0.0,0.0,0.0,17.13,0.0,15.5,89.83,59.08,-0.0,-20.72,-0.0,-0.0,-0.0,0.0,-0.0,42.8,-30.04
240,0.0,0.0,0.99,0.07,0.15,0.15,0.0,-0.09,0.0,0.0,0.0,0.0,0.0,17.19,-0.0,15.52,90.0,59.19,-0.0,-20.87,0.0,0.0,0.0,0.0,0.0,42.8,-30.04
241,0.0,0.0,0.88,0.07,0.15,0.15,0.0,-0.09,0.0,0.0,0.0,0.0,0.0,17.19,-0.0,15.52,90.0,59.19,-0.0,-20.87,0.65,0.65,0.65,0.65,0.65,42.8,-30.04
242,0.0,0.0,0.74,0.07,0.15,0.15,0.0,-0.09,-0.0,-0.0,-0.0,-0.0,0.0,17.19,-0.0,15.52,90.0,59.19,-0.0,-20.87,2.52,2.52,2.52,2.52,2.52,42.8,-30.04
243,0.0,0.0,0.59,0.07,0.15,0.15,-0.0,-0.09,0.0,0.0,0.0,0.0,0.0,17.19,-0.0,15.52,90.0,59.19,-0.0,-20.87,5.47,5.47,5.47,5.47,5.47,42.8,-30.04
244,0.0,0.0,0.44,0.07,0.15,0.15,0.0,-0.09,-0.0,-0.0,-0.0,-0.0,0.0,17.19,-0.0,15.52,90.0,59.19,-0.0,-20.87,9.36,9.36,9.36,9.36,9.36,42.8,-30.04
245,0.0,0.0,0.31,0.07,0.15,0.15,-0.0,-0.09,-0.0,-0.0,-0.0,-0.0,-0.0,17.19,-0.0,15.52,90.0,59.19,-0.0,-20.87,14.06,14.06,14.06,14.06,14.06,42.8,-30.04
246,0.0,0.0,0.19,0.07,0.15,0.15,0.0,-0.09,-0.0,-0.0,-0.0,-0.0,0.0,17.19,-0.0,15.52,90.0,59.19,-0.0,-20.87,19.44,19.44,19.44,19.44,19.44,42.8,-30.04
247,0.0,0.0,0.12,0.07,0.15,0.15,-0.0,-0.09,-0.0,-0.0,-0.0,-0.0,0.0,17.19,-0.0,15.52,90.0,59.19,-0.0,-20.87,25.36,25.36,25.36,25.36,25.36,42.8,-30.04
248,0.0,0.0,0.09,0.07,0.15,0.15,0.0,-0.09,-0.0,-0.0,-0.0,-0.0,0.0,17.19,-0.0,15.52,90.0,59.19,-0.0,-20.87,31.68,31.68,31.68,31.68,31.68,42.8,-30.04
249,0.0,0.0,0.11,0.07,0.15,0.15,0.0,-0.09,0.0,0.0,0.0,0.0,0.0,17.19,-0.0,15.52,90.0,59.19,-0.0,-20.87,38.27,38.27,38.27,38.27,38.27,42.8,-30.04
250,0.0,0.0,0.17,0.07,0.15,0.15,0.0,-0.09,0.0,0.0,0.0,0.0,0.0,17.19,-0.0,15.52,90.0,59.19,-0.0,-20.87,45.0,45.0,45.0,45.0,45.0,42.8,-30.04
251,0.0,0.0,0.26,0.07,0.15,0.15,0.0,-0.09,0.0,0.0,0.0,0.0,0.0,17.19,-0.0,15.52,90.0,59.19,-0.0,-20.87,51.73,51.73,51.73,51.73,51.73,42.8,-30.04
252,0.0,0.0,0.36,0.07,0.15,0.15,0.0,-0.09,0.0,0.0,0.0,0.0,-0.0,17.19,-0.0,15.52,90.0,59.19,-0.0,-20.87,58.32,58.32,58.32,58.32,58.32,42.8,-30.04
253,0.0,0.0,0.47,0.07,0.15,0.15,0.0,-0.09,-0.0,-0.0,-0.0,-0.0,0.0,17.19,-0.0,15.52,90.0,59.19,-0.0,-20.87,64.64,64.64,64.64,64.64,64.64,42.8,-30.04
254,0.0,0.0,0.59,0.07,0.15,0.15,-0.0,-0.09,0.0,0.0,0.0,0.0,0.0,17.19,-0.0,15.52,90.0,59.19,-0.0,-20.87,70.56,70.56,70.56,70.56,70.56,42.8,-30.04
255,0.0,0.0,0.69,0.07,0.15,0.15,0.0,-0.09,0.0,0.0,0.0,0.0,-0.0,17.19,-0.0,15.52,90.0,59.19,-0.0,-20.87,75.94,75.94,75.94,75.94,75.94,42.8,-30.04
256,0.0,0.0,0.78,0.07,0.15,0.15,0.0,-0.09,0.0,0.0,0.0,0.0,0.0,17.19,-0.0,15.52,90.0,59.19,-0.0,-20.87,80.64,80.64,80.64,80.64,80.64,42.8,-30.04
257,0.0,0.0,0.84,0.07,0.15,0.15,0.0,-0.09,0.0,0.0,0.0,0.0,-0.0,17.19,-0.0,15.52,90.0,59.19,-0.0,-20.87,84.53,84.53,84.53,84.53,84.53,42.8,-30.04
258,0.0,0.0,0.86,0.07,0.15,0.15,0.0,-0.09,-0.0,-0.0,-0.0,-0.0,0.0,17.19,-0.0,15.52,90.0,59.19,-0.0,-20.87,87.48,87.48,87.48,87.48,87.48,42.8,-30.04
259,0.0,0.0,0.85,0.07,0.15,0.15,0.0,-0.09,0.0,0.0,0.0,0.0,0.0,17.19,-0.0,15.52,90.0,59.19,-0.0,-20.87,89.35,89.35,89.35,89.35,89.35,42.8,-30.04
260,0.0,0.0,0.83,0.07,0.15,0.15,-0.0,-0.09,0.0,0.0,0.0,0.0,0.0,17.19,-0.0,15.52,90.0,59.19,-0.0,-20.87,90.0,90.0,90.0,90.0,90.0,42.8,-30.04
261,0.0,0.0,0.8,0.07,0.15,0.15,-0.0,-0.09,0.0,0.0,0.0,0.0,-0.0,17.19,-0.0,15.52,90.0,58.67,0.0,-20.75,87.48,87.48,87.48,87.48,87.48,42.8,-30.04
262,0.0,0.0,0.75,0.07,0.15,0.15,-0.0,-0.09,0.0,0.0,0.0,0.0,0.0,17.19,-0.0,15.52,90.0,57.16,-0.0,-20.4,80.64,80.64,80.64,80.64,80.64,42.8,-30.04
263,0.0,0.0,0.7,0.07,0.15,0.15,0.0,-0.09,0.0,0.0,0.0,0.0,0.0,17.19,-0.0,15.52,90.0,54.73,-0.0,-19.84,70.56,70.56,70.56,70.56,70.56,42.8,-30.04
264,0.0,0.0,0.65,0.07,0.15,0.15,0.0,-0.09,-0.0,-0.0,-0.0,-0.0,0.0,17.19,-0.0,15.52,90.0,51.46,-0.0,-19.08,58.32,58.32,58.32,58.32,58.32,42.8,-30.04
265,0.0,0.0,0.58,0.07,0.15,0.15,-0.0,-0.09,0.0,0.0,0.0,0.0,-0.0,17.19,-0.0,15.52,90.0,47.4,0.0,-18.14,45.0,45.0,45.0,45.0,45.0,42.8,-30.04
266,0.0,0.0,0.52,0.07,0.15,0.15,0.0,-0.09,-0.0,-0.0,-0.0,-0.0,0.0,17.19,-0.0,15.52,90.0,42.63,0.0,-17.03,31.68,31.68,31.68,31.68,31.68,42.8,-30.04
267,0.0,0.0,0.45,0.07,0.15,0.15,-0.0,-0.09,0.0,0.0,0.0,0.0,0.0,17.19,-0.0,15.52,90.0,37.23,0.0,-15.78,19.44,19.44,19.44,19.44,19.44,42.8,-30.04
268,0.0,0.0,0.39,0.07,0.15,0.15,0.0,-0.09,-0.0,-0.0,-0.0,-0.0,0.0,17.19,-0.0,15.52,90.0,31.27,0.0,-14.4,9.36,9.36,9.36,9.36,9.36,42.8,-30.04
269,0.0,0.0,0.32,0.07,0.15,0.15,-0.0,-0.09,0.0,0.0,0.0,0.0,0.0,17.19,-0.0,15.52,90.0,24.81,0.0,-12.9,2.52,2.52,2.52,2.52,2.52,42.8,-30.04
270,0.0,0.0,0.26,0.07,0.15,0.15,0.0,-0.09,-0.0,-0.0,-0.0,-0.0,0.0,17.19,-0.0,15.52,90.0,17.92,0.0,-11.3,-0.0,0.0,-0.0,0.0,0.0,42.8,-30.04
271,0.0,0.0,0.21,0.07,0.15,0.15,-0.0,-0.09,0.0,0.0,0.0,0.0,-0.0,17.19,-0.0,15.52,90.0,10.68,-0.0,-9.62,0.0,0.0,0.0,-0.0,0.0,42.8,-30.04
272,0.0,0.0,0.16,0.07,0.15,0.15,0.0,-0.09,0.0,0.0,0.0,0.0,0.0,17.19,-0.0,15.52,90.0,3.16,0.0,-7.88,0.0,0.0,-0.0,0.0,-0.0,42.8,-30.04
273,0.0,0.0,0.11,0.07,0.15,0.15,-0.0,-0.09,0.0,0.0,0.0,0.0,0.0,17.19,-0.0,15.52,90.0,-4.58,0.0,-6.08,-0.0,-0.0,-0.0,0.0,-0.0,42.8,-30.04
274,0.0,0.0,0.07,0.07,0.15,0.15,0.0,-0.09,0.0,-0.0,-0.0,-0.0,0.0,17.19,-0.0,15.52,90.0,-12.46,0.0,-4.26,-0.0,-0.0,-0.0,0.0,-0.0,42.8,-30.04
275,0.0,0.0,0.04,0.07,0.15,0.15,0.0,-0.09,-0.0,-0.0,-0.0,-0.0,0.0,17.19,-0.0,15.52,90.0,-20.4,0.0,-2.41,-0.0,-0.0,-0.0,0.0,-0.0,42.8,-30.04
276,0.0,0.0,0.02,0.07,0.15,0.15,0.0,-0.09,-0.0,-0.0,-0.0,-0.0,0.0,17.19,-0.0,15.52,90.0,-28.35,0.0,-0.57,0.0,0.0,0.0,-0.0,0.0,42.8,-30.04
277,0.0,0.0,0.01,0.07,0.15,0.15,-0.0,-0.09,0.0,0.0,0.0,0.0,0.0,17.19,-0.0,15.52,90.0,-36.23,-0.0,1.26,0.0,0.0,0.0,0.0,0.0,42.8,-30.04
278,0.0,0.0,-0.0,0.07,0.15,0.15,0.0,-0.09,0.0,0.0,0.0,0.0,0.0,17.19,-0.0,15.52,90.0,-43.96,-0.0,3.05,-0.0,-0.0,-0.0,0.0,0.0,42.8,-30.04
279,0.0,0.0,-0.0,0.07,0.15,0.15,0.0,-0.09,0.0,0.0,0.0,0.0,0.0,17.19,-0.0,15.52,90.0,-51.49,0.0,4.8,0.0,0.0,0.0,-0.0,0.0,42.8,-30.04
280,0.0,0.0,-0.0,0.07,0.15,0.15,0.0,-0.09,0.0,0.0,0.0,0.0,0.0,17.19,-0.0,15.52,90.0,-58.73,0.0,6.47,0.0,0.0,-0.0,-0.0,0.0,42.8,-30.04
281,0.0,0.0,-0.0,0.07,0.15,0.15,0.0,-0.09,0.0,0.0,0.0,0.0,0.0,17.19,-0.0,15.52,90.0,-65.61,-0.0,8.07,-0.0,0.0,-0.0,-0.0,0.0,42.8,-30.04
282,0.0,0.0,-0.0,0.07,0.15,0.15,0.0,-0.09,0.0,0.0,0.0,0.0,0.0,17.19,-0.0,15.52,90.0,-72.08,0.0,9.57,-0.0,0.0,-0.0,0.0,0.0,42.8,-30.04
283,0.0,0.0,-0.0,0.07,0.15,0.15,0.0,-0.09,0.0,0.0,0.0,0.0,0.0,17.19,-0.0,15.52,90.0,-78.04,-0.0,10.95,-0.0,0.0,-0.0,-0.0,0.0,42.8,-30.04
284,0.0,0.0,-0.0,0.07,0.15,0.15,0.0,-0.09,0.0,0.0,0.0,0.0,0.0,17.19,-0.0,15.52,90.0,-83.44,-0.0,12.21,-0.0,0.0,0.0,0.0,0.0,42.8,-30.04
285,0.0,0.0,-0.0,0.07,0.15,0.15,0.0,-0.09,0.0,0.0,0.0,0.0,0.0,17.19,-0.0,15.52,90.0,-88.21,-0.0,13.31,0.0,0.0,0.0,-0.0,0.0,42.8,-30.04
286,0.0,0.0,-0.0,0.07,0.15,0.15,0.0,-0.09,0.0,0.0,0.0,0.0,0.0,17.19,-0.0,15.52,90.0,-92.26,0.0,14.25,-0.0,-0.0,-0.0,0.0,0.0,42.8,-30.04
287,0.0,0.0,-0.0,0.07,0.15,0.15,0.0,-0.09,0.0,0.0,0.0,0.0,0.0,17.19,-0.0,15.52,90.0,-95.54,0.0,15.01,0.0,0.0,0.0,0.0,0.0,42.8,-30.04
288,0.0,0.0,-0.0,0.07,0.15,0.15,0.0,-0.09,0.0,0.0,0.0,0.0,0.0,17.19,-0.0,15.52,90.0,-97.97,-0.0,15.58,-0.0,-0.0,-0.0,0.0,-0.0,42.8,-30.04
289,0.0,0.0,-0.0,0.07,0.15,0.15,0.0,-0.09,0.0,0.0,0.0,0.0,0.0,17.19,-0.0,15.52,90.0,-99.48,-0.0,15.93,0.0,0.0,0.0,-0.0,0.0,42.8,-30.04
290,0.0,0.0,-0.0,0.07,0.15,0.15,0.0,-0.09,0.0,0.0,0.0,0.0,0.0,17.19,-0.0,15.52,90.0,-100.0,-0.0,16.05,0.0,0.0,0.0,0.0,0.0,42.8,-30.04
291,0.0,0.0,-0.0,0.03,0.31,0.15,-0.0,-0.09,-0.0,-0.0,-0.0,-0.0,0.0,17.17,0.0,15.51,89.94,-99.92,0.0,16.03,0.65,0.65,0.65,0.65,0.65,42.7,-30.01
292,0.0,0.0,-0.0,-0.07,0.8,0.15,-0.0,-0.09,0.0,0.0,0.0,0.0,0.0,17.13,0.01,15.47,89.74,-99.67,0.0,15.99,2.52,2.52,2.52,2.52,2.52,42.39,-29.94
293,0.0,0.0,-0.0,-0.22,1.59,0.15,-0.0,-0.09,0.0,0.0,0.0,0.0,0.0,17.06,0.03,15.41,89.43,-99.27,0.0,15.93,5.47,5.47,5.47,5.47,5.47,41.89,-29.83
294,0.0,0.0,-0.0,-0.44,2.66,0.15,0.0,-0.09,-0.0,-0.0,-0.0,-0.0,-0.0,16.97,0.05,15.33,89.0,-98.73,0.0,15.84,9.36,9.36,9.36,9.36,9.36,41.21,-29.68
295,0.0,0.0,-0.0,-0.71,4.01,0.15,0.0,-0.09,-0.0,-0.0,-0.0,-0.0,0.0,16.85,0.08,15.22,88.45,-98.03,-0.0,15.73,14.06,14.06,14.06,14.06,14.06,40.36,-29.48
296,0.0,0.0,-0.0,-1.03,5.61,0.15,0.0,-0.09,-0.0,-0.0,0.0,0.0,0.0,16.71,0.11,15.09,87.79,-97.2,-0.0,15.6,19.44,19.44,19.44,19.44,19.44,39.35,-29.25
297,0.0,0.0,-0.0,-1.4,7.44,0.15,0.0,-0.09,0.0,0.0,0.0,0.0,-0.0,16.54,0.14,14.94,87.03,-96.23,-0.0,15.44,25.36,25.36,25.36,25.36,25.36,38.19,-28.99
298,0.0,0.0,-0.0,-1.81,9.49,0.15,0.0,-0.09,0.0,0.0,0.0,0.0,-0.0,16.35,0.19,14.77,86.17,-95.14,-0.0,15.27,31.68,31.68,31.68,31.68,31.68,36.89,-28.69
299,0.0,0.0,-0.0,-2.26,11.75,0.15,0.0,-0.09,0.0,0.0,0.0,0.0,-0.0,16.14,0.23,14.58,85.21,-93.92,-0.0,15.07,38.27,38.27,38.27,38.27,38.27,35.46,-28.37
300,0.0,0.0,-0.0,-2.75,14.19,0.15,0.0,-0.09,-0.0,-0.0,0.0,0.0,-0.0,15.91,0.28,14.37,84.16,-92.59,-0.0,14.86,45.0,45.0,45.0,45.0,45.0,33.92,-28.02
301,0.0,0.08,0.06,-3.28,16.79,0.15,-0.0,-0.09,0.0,0.0,0.0,0.0,-0.0,15.67,0.34,14.15,83.02,-91.15,-0.0,14.63,51.73,51.73,51.73,51.73,51.73,32.26,-27.64
302,0.0,0.33,0.23,-3.83,19.55,0.15,0.0,-0.09,-0.0,-0.0,-0.0,0.0,0.0,15.4,0.4,13.91,81.8,-89.6,-0.0,14.38,58.32,58.32,58.32,58.32,58.32,30.52,-27.24
303,0.0,0.72,0.51,-4.41,22.45,0.15,0.0,-0.09,0.0,0.0,-0.0,-0.0,-0.0,15.12,0.46,13.65,80.5,-87.95,-0.0,14.11,64.64,64.64,64.64,64.64,64.64,28.68,-26.83
304,0.0,1.24,0.88,-5.02,25.46,0.15,-0.0,-0.09,-0.0,-0.0,0.0,0.0,0.0,14.82,0.53,13.38,79.13,-86.21,-0.0,13.83,70.56,70.56,70.56,70.56,70.56,26.78,-26.39
305,0.0,1.9,1.34,-5.64,28.58,0.15,-0.0,-0.09,0.0,0.0,0.0,0.0,0.0,14.5,0.6,13.1,77.69,-84.38,-0.0,13.54,75.94,75.94,75.94,75.94,75.94,24.81,-25.95
306,0.0,2.66,1.88,-6.29,31.78,0.15,-0.0,-0.09,-0.0,-0.0,-0.0,-0.0,0.0,14.17,0.67,12.8,76.18,-82.46,-0.0,13.23,80.64,80.64,80.64,80.64,80.64,22.78,-25.48
307,0.0,3.53,2.49,-6.94,35.04,0.15,0.0,-0.09,0.0,0.0,-0.0,-0.0,0.0,13.83,0.75,12.49,74.6,-80.47,-0.0,12.91,84.53,84.53,84.53,84.53,84.53,20.71,-25.01
308,0.0,4.49,3.17,-7.61,38.36,0.15,-0.0,-0.09,-0.0,-0.0,-0.0,-0.0,0.0,13.48,0.83,12.17,72.98,-78.4,0.0,12.58,87.48,87.48,87.48,87.48,87.48,18.61,-24.54
309,0.0,5.53,3.9,-8.28,41.71,0.15,-0.0,-0.09,-0.0,-0.0,-0.0,-0.0,-0.0,13.11,0.91,11.84,71.3,-76.27,0.0,12.24,89.35,89.35,89.35,89.35,89.35,16.49,-24.06
310,0.0,6.64,4.68,-8.96,45.07,0.15,0.0,-0.09,0.0,0.0,0.0,0.0,-0.0,12.73,1.0,11.5,69.57,-74.07,0.0,11.89,90.0,90.0,90.0,90.0,90.0,14.36,-23.57
311,0.0,7.8,5.5,-9.63,48.44,0.71,0.0,-0.25,-0.0,-0.0,-0.0,-0.0,-0.0,12.34,1.08,11.15,67.79,-71.83,-0.0,11.52,90.0,90.0,90.0,90.0,90.0,12.23,-23.09
312,0.0,9.01,6.35,-10.31,51.79,2.31,-0.0,-0.7,-0.0,-0.0,-0.0,-0.0,-0.0,11.95,1.17,10.79,65.98,-69.53,0.0,11.16,90.0,90.0,90.0,90.0,90.0,10.11,-22.6
313,0.0,10.25,7.23,-10.97,55.11,4.84,0.0,-1.42,-0.0,-0.0,-0.0,-0.0,-0.0,11.55,1.26,10.43,64.14,-67.18,0.0,10.78,90.0,90.0,90.0,90.0,90.0,8.01,-22.13
314,0.0,11.52,8.13,-11.63,58.37,8.18,0.0,-2.36,0.0,0.0,0.0,0.0,-0.0,11.14,1.35,10.06,62.26,-64.8,0.0,10.4,90.0,90.0,90.0,90.0,90.0,5.94,-21.66
315,0.0,12.8,9.03,-12.27,61.57,12.21,0.0,-3.5,0.0,0.0,0.0,0.0,0.0,10.72,1.45,9.68,60.35,-62.38,0.0,10.01,90.0,90.0,90.0,90.0,90.0,3.92,-21.2
316,0.0,14.08,9.93,-12.9,64.68,16.83,0.0,-4.8,0.0,0.0,0.0,0.0,-0.0,10.3,1.54,9.31,58.43,-59.94,0.0,9.62,90.0,90.0,90.0,90.0,90.0,1.95,-20.75
317,0.0,15.34,10.82,-13.5,67.7,21.9,-0.0,-6.23,0.0,0.0,0.0,0.0,0.0,9.88,1.64,8.92,56.49,-57.48,0.0,9.22,90.0,90.0,90.0,90.0,90.0,0.04,-20.31
318,0.0,16.59,11.7,-14.08,70.59,27.33,-0.0,-7.77,-0.0,-0.0,-0.0,-0.0,-0.0,9.45,1.73,8.54,54.53,-54.99,-0.0,8.82,90.0,90.0,90.0,90.0,90.0,-1.79,-19.9
319,0.0,17.8,12.55,-14.64,73.35,32.98,-0.0,-9.36,-0.0,-0.0,-0.0,-0.0,-0.0,9.02,1.83,8.15,52.56,-52.5,-0.0,8.42,90.0,90.0,90.0,90.0,90.0,-3.54,-19.5
320,0.0,18.96,13.37,-15.16,75.96,38.76,-0.0,-10.99,-0.0,-0.0,-0.0,-0.0,-0.0,8.59,1.92,7.76,50.59,-50.0,0.0,8.02,90.0,90.0,90.0,90.0,90.0,-5.19,-19.12
321,0.0,20.07,14.15,-15.65,78.4,44.53,-0.0,-12.62,0.0,0.0,0.0,0.0,0.0,8.16,2.02,7.37,48.62,-47.5,0.0,7.62,90.0,90.0,90.0,90.0,90.0,-6.74,-18.77
322,0.0,21.11,14.89,-16.1,80.66,50.19,-0.0,-14.22,-0.0,-0.0,-0.0,-0.0,0.0,7.74,2.11,6.99,46.66,-45.01,0.0,7.22,90.0,90.0,90.0,90.0,90.0,-8.16,-18.45
323,0.0,22.07,15.56,-16.52,82.71,55.61,0.0,-15.75,-0.0,-0.0,-0.0,-0.0,-0.0,7.31,2.21,6.6,44.7,-42.53,-0.0,6.82,90.0,90.0,90.0,90.0,90.0,-9.46,-18.15
324,0.0,22.94,16.18,-16.89,84.54,60.69,0.0,-17.18,-0.0,-0.0,0.0,0.0,0.0,6.89,2.31,6.22,42.76,-40.06,0.0,6.43,90.0,90.0,90.0,90.0,90.0,-10.62,-17.89
325,0.0,23.7,16.72,-17.21,86.14,65.3,0.0,-18.48,0.0,0.0,0.0,0.0,-0.0,6.47,2.4,5.84,40.83,-37.62,-0.0,6.04,90.0,90.0,90.0,90.0,90.0,-11.63,-17.66
326,0.0,24.35,17.18,-17.48,87.48,69.34,-0.0,-19.62,0.0,0.0,0.0,0.0,0.0,6.05,2.49,5.46,38.93,-35.2,0.0,5.65,90.0,90.0,90.0,90.0,90.0,-12.49,-17.47
327,0.0,24.88,17.55,-17.69,88.56,72.68,0.0,-20.56,0.0,0.0,0.0,0.0,-0.0,5.64,2.58,5.09,37.05,-32.82,0.0,5.27,90.0,90.0,90.0,90.0,90.0,-13.17,-17.31
328,0.0,25.27,17.82,-17.85,89.35,75.21,0.0,-21.28,0.0,0.0,0.0,0.0,-0.0,5.24,2.67,4.73,35.21,-30.47,0.0,4.89,90.0,90.0,90.0,90.0,90.0,-13.67,-17.2
329,0.0,25.52,17.99,-17.95,89.83,76.81,-0.0,-21.73,0.0,0.0,0.0,0.0,0.0,4.84,2.76,4.37,33.39,-28.18,-0.0,4.52,90.0,90.0,90.0,90.0,90.0,-13.97,-17.13
330,0.0,25.6,18.05,-17.98,90.0,77.37,-0.0,-21.89,0.0,0.0,0.0,0.0,0.0,4.46,2.85,4.02,31.62,-25.93,0.0,4.16,90.0,90.0,90.0,90.0,90.0,-14.08,-17.1
331,0.0,25.6,18.05,-17.98,90.0,77.37,-0.0,-21.89,2.52,2.52,2.52,2.52,2.52,4.08,2.93,3.68,29.89,-23.73,-0.0,3.81,90.0,90.0,90.0,90.0,90.0,-14.08,-17.1
332,0.0,25.6,18.05,-17.98,90.0,77.37,-0.0,-21.89,9.36,9.36,9.36,9.36,9.36,3.71,3.01,3.35,28.21,-21.6,0.0,3.47,90.0,90.0,90.0,90.0,90.0,-14.08,-17.1
333,0.0,25.6,18.05,-17.98,90.0,77.37,-0.0,-21.89,19.44,19.44,19.44,19.44,19.44,3.36,3.09,3.03,26.58,-19.53,0.0,3.13,90.0,90.0,90.0,90.0,90.0,-14.08,-17.1
334,0.0,25.6,18.05,-17.98,90.0,77.37,-0.0,-21.89,31.68,31.68,31.68,31.68,31.68,3.01,3.17,2.72,25.01,-17.54,0.0,2.81,90.0,90.0,90.0,90.0,90.0,-14.08,-17.1
335,0.0,25.6,18.05,-17.98,90.0,77.37,-0.0,-21.89,45.0,45.0,45.0,45.0,45.0,2.69,3.24,2.43,23.5,-15.62,0.0,2.51,90.0,90.0,90.0,90.0,90.0,-14.08,-17.1
336,0.0,25.6,18.05,-17.98,90.0,77.37,-0.0,-21.89,58.32,58.32,58.32,58.32,58.32,2.37,3.32,2.14,22.06,-13.79,0.0,2.21,90.0,90.0,90.0,90.0,90.0,-14.08,-17.1
337,0.0,25.6,18.05,-17.98,90.0,77.37,-0.0,-21.89,70.56,70.56,70.56,70.56,70.56,2.07,3.38,1.87,20.68,-12.05,0.0,1.93,90.0,90.0,90.0,90.0,90.0,-14.08,-17.1
338,0.0,25.6,18.05,-17.98,90.0,77.37,-0.0,-21.89,80.64,80.64,80.64,80.64,80.64,1.79,3.45,1.61,19.39,-10.4,-0.0,1.67,90.0,90.0,90.0,90.0,90.0,-14.08,-17.1
339,0.0,25.6,18.05,-17.98,90.0,77.37,-0.0,-21.89,87.48,87.48,87.48,87.48,87.48,1.52,3.51,1.37,18.16,-8.85,-0.0,1.42,90.0,90.0,90.0,90.0,90.0,-14.08,-17.1
340,0.0,25.6,18.05,-17.98,90.0,77.37,-0.0,-21.89,90.0,90.0,90.0,90.0,90.0,1.27,3.56,1.15,17.03,-7.41,0.0,1.19,90.0,90.0,90.0,90.0,90.0,-14.08,-17.1
341,0.0,25.6,18.05,-17.98,90.0,77.37,-0.0,-21.89,87.48,87.48,87.48,87.48,87.48,1.04,3.61,0.94,15.98,-6.07,0.0,0.97,90.0,90.0,90.0,90.0,90.0,-14.08,-17.1
342,0.0,25.6,18.05,-17.98,90.0,77.37,-0.0,-21.89,80.64,80.64,80.64,80.64,80.64,0.84,3.66,0.75,15.02,-4.86,0.0,0.78,90.0,90.0,90.0,90.0,90.0,-14.08,-17.1
343,0.0,25.6,18.05,-17.98,90.0,77.37,-0.0,-21.89,70.56,70.56,70.56,70.56,70.56,0.65,3.7,0.58,14.16,-3.77,-0.0,0.6,90.0,90.0,90.0,90.0,90.0,-14.08,-17.1
344,0.0,25.6,18.05,-17.98,90.0,77.37,-0.0,-21.89,58.32,58.32,58.32,58.32,58.32,0.48,3.74,0.43,13.4,-2.8,0.0,0.45,90.0,90.0,90.0,90.0,90.0,-14.08,-17.1
345,0.0,25.6,18.05,-17.98,90.0,77.37,-0.0,-21.89,45.0,45.0,45.0,45.0,45.0,0.34,3.77,0.31,12.74,-1.97,0.0,0.32,90.0,90.0,90.0,90.0,90.0,-14.08,-17.1
346,0.0,25.6,18.05,-17.98,90.0,77.37,-0.0,-21.89,31.68,31.68,31.68,31.68,31.68,0.22,3.8,0.2,12.19,-1.27,0.0,0.2,90.0,90.0,90.0,90.0,90.0,-14.08,-17.1
347,0.0,25.6,18.05,-17.98,90.0,77.37,-0.0,-21.89,19.44,19.44,19.44,19.44,19.44,0.12,3.82,0.11,11.76,-0.73,0.0,0.12,90.0,90.0,90.0,90.0,90.0,-14.08,-17.1
348,0.0,25.6,18.05,-17.98,90.0,77.37,-0.0,-21.89,9.36,9.36,9.36,9.36,9.36,0.06,3.83,0.05,11.45,-0.33,0.0,0.05,90.0,90.0,90.0,90.0,90.0,-14.08,-17.1
349,0.0,25.6,18.05,-17.98,90.0,77.37,-0.0,-21.89,2.52,2.52,2.52,2.52,2.52,0.01,3.84,0.01,11.25,-0.08,0.0,0.01,90.0,90.0,90.0,90.0,90.0,-14.08,-17.1
350,0.0,25.6,18.05,-17.98,90.0,77.37,-0.0,-21.89,0.0,0.0,0.0,0.0,0.0,0.0,3.85,-0.0,11.19,-0.0,-0.0,-0.0,90.0,90.0,90.0,90.0,90.0,-14.08,-17.1
351,0.0,25.6,18.05,-17.98,90.0,76.85,-0.0,-21.89,0.0,0.0,0.0,0.0,0.0,0.0,3.85,-0.0,11.19,-0.0,-0.0,-0.0,90.0,90.0,90.0,90.0,90.0,-14.08,-17.1
352,0.0,25.6,18.05,-17.98,90.0,75.36,-0.0,-21.89,0.0,0.0,0.0,0.0,-0.0,0.0,3.85,-0.0,11.19,-0.0,-0.0,-0.0,90.0,90.0,90.0,90.0,90.0,-14.08,-17.1
353,0.0,25.6,18.05,-17.98,90.0,72.96,-0.0,-21.89,0.0,0.0,0.0,0.0,-0.0,0.0,3.85,-0.0,11.19,-0.0,-0.0,-0.0,90.0,90.0,90.0,90.0,90.0,-14.08,-17.1
354,0.0,25.6,18.05,-17.98,90.0,69.72,-0.0,-21.89,0.0,0.0,0.0,0.0,-0.0,0.0,3.85,-0.0,11.19,-0.0,-0.0,-0.0,90.0,90.0,90.0,90.0,90.0,-14.08,-17.1
355,0.0,25.6,18.05,-17.98,90.0,65.7,0.0,-21.89,-0.0,-0.0,-0.0,-0.0,0.0,0.0,3.85,-0.0,11.19,-0.0,-0.0,-0.0,90.0,90.0,90.0,90.0,90.0,-14.08,-17.1
356,0.0,25.6,18.05,-17.98,90.0,60.99,-0.0,-21.89,-0.0,-0.0,-0.0,-0.0,-0.0,0.0,3.85,-0.0,11.19,-0.0,-0.0,-0.0,90.0,90.0,90.0,90.0,90.0,-14.08,-17.1
357,0.0,25.6,18.05,-17.98,90.0,55.65,0.0,-21.89,-0.0,-0.0,-0.0,-0.0,-0.0,0.0,3.85,-0.0,11.19,-0.0,-0.0,-0.0,90.0,90.0,90.0,90.0,90.0,-14.08,-17.1
358,0.0,25.6,18.05,-17.98,90.0,49.75,0.0,-21.89,0.0,0.0,0.0,0.0,0.0,0.0,3.85,-0.0,11.19,-0.0,-0.0,-0.0,90.0,90.0,90.0,90.0,90.0,-14.08,-17.1
359,0.0,25.6,18.05,-17.98,90.0,43.35,0.0,-21.89,-0.0,-0.0,-0.0,-0.0,0.0,0.0,3.85,-0.0,11.19,-0.0,-0.0,-0.0,90.0,90.0,90.0,90.0,90.0,-14.08,-17.1
360,0.0,25.6,18.05,-17.98,90.0,36.54,0.0,-21.89,0.0,0.0,0.0,0.0,0.0,0.0,3.85,-0.0,11.19,-0.0,-0.0,-0.0,90.0,90.0,90.0,90.0,90.0,-14.08,-17.1
361,0.0,25.6,18.05,-17.98,90.0,29.38,0.0,-21.61,0.0,0.0,0.0,0.0,0.0,0.0,3.85,-0.0,11.19,-0.0,-0.0,-0.0,90.0,90.0,90.0,90.0,90.0,-14.08,-17.1
362,0.0,25.6,18.05,-17.98,90.0,21.94,0.0,-20.83,0.0,0.0,0.0,0.0,0.0,0.0,3.85,-0.0,11.19,-0.0,-0.0,-0.0,90.0,90.0,90.0,90.0,90.0,-14.08,-17.1
363,0.0,25.6,18.05,-17.98,90.0,14.29,0.0,-19.59,-0.0,-0.0,-0.0,-0.0,0.0,0.0,3.85,-0.0,11.19,-0.0,-0.0,-0.0,90.0,90.0,90.0,90.0,90.0,-14.08,-17.1
364,0.0,25.6,18.05,-17.98,90.0,6.49,-0.0,-17.96,0.0,0.0,0.0,0.0,-0.0,0.0,3.85,-0.0,11.19,-0.0,-0.0,-0.0,90.0,90.0,90.0,90.0,90.0,-14.08,-17.1
365,0.0,25.6,18.05,-17.98,90.0,-1.37,0.0,-15.98,-0.0,-0.0,0.0,0.0,0.0,0.0,3.85,-0.0,11.19,-0.0,-0.0,-0.0,90.0,90.0,90.0,90.0,90.0,-14.08,-17.1
366,0.0,25.6,18.05,-17.98,90.0,-9.23,0.0,-13.72,-0.0,-0.0,-0.0,-0.0,0.0,0.0,3.85,-0.0,11.19,-0.0,-0.0,-0.0,90.0,90.0,90.0,90.0,90.0,-14.08,-17.1
367,0.0,25.6,18.05,-17.98,90.0,-17.02,0.0,-11.24,0.0,-0.0,-0.0,-0.0,-0.0,0.0,3.85,-0.0,11.19,-0.0,-0.0,-0.0,90.0,90.0,90.0,90.0,90.0,-14.08,-17.1
368,0.0,25.6,18.05,-17.98,90.0,-24.67,-0.0,-8.58,0.0,0.0,0.0,0.0,0.0,0.0,3.85,-0.0,11.19,-0.0,-0.0,-0.0,90.0,90.0,90.0,90.0,90.0,-14.08,-17.1
369,0.0,25.6,18.05,-17.98,90.0,-32.12,-0.0,-5.81,0.0,0.0,0.0,0.0,0.0,0.0,3.85,-0.0,11.19,-0.0,-0.0,-0.0,90.0,90.0,90.0,90.0,90.0,-14.08,-17.1
370,0.0,25.6,18.05,-17.98,90.0,-39.28,0.0,-2.98,-0.0,-0.0,-0.0,-0.0,-0.0,0.0,3.85,-0.0,11.19,-0.0,-0.0,-0.0,90.0,90.0,90.0,90.0,90.0,-14.08,-17.1
371,0.0,25.6,18.05,-17.98,90.0,-46.09,0.0,-0.16,-0.0,-0.0,0.0,0.0,0.0,0.0,3.85,-0.0,11.19,-0.0,-0.0,-0.0,90.0,90.0,90.0,90.0,90.0,-14.08,-17.1
372,0.0,25.6,18.05,-17.98,90.0,-52.48,0.0,2.61,-0.0,-0.0,-0.0,-0.0,-0.0,0.0,3.85,-0.0,11.19,-0.0,-0.0,-0.0,90.0,90.0,90.0,90.0,90.0,-14.08,-17.1
373,0.0,25.6,18.05,-17.98,90.0,-58.38,0.0,5.27,-0.0,-0.0,-0.0,-0.0,0.0,0.0,3.85,-0.0,11.19,-0.0,-0.0,-0.0,90.0,90.0,90.0,90.0,90.0,-14.08,-17.1
374,0.0,25.6,18.05,-17.98,90.0,-63.73,-0.0,7.75,0.0,0.0,0.0,0.0,-0.0,0.0,3.85,-0.0,11.19,-0.0,-0.0,-0.0,90.0,90.0,90.0,90.0,90.0,-14.08,-17.1
375,0.0,25.6,18.05,-17.98,90.0,-68.44,0.0,10.01,0.0,0.0,0.0,0.0,-0.0,0.0,3.85,-0.0,11.19,-0.0,-0.0,-0.0,90.0,90.0,90.0,90.0,90.0,-14.08,-17.1
376,0.0,25.6,18.05,-17.98,90.0,-72.45,0.0,11.99,0.0,0.0,0.0,0.0,0.0,0.0,3.85,-0.0,11.19,-0.0,-0.0,-0.0,90.0,90.0,90.0,90.0,90.0,-14.08,-17.1
377,0.0,25.6,18.05,-17.98,90.0,-75.69,0.0,13.62,-0.0,-0.0,-0.0,-0.0,0.0,0.0,3.85,-0.0,11.19,-0.0,-0.0,-0.0,90.0,90.0,90.0,90.0,90.0,-14.08,-17.1
378,0.0,25.6,18.05,-17.98,90.0,-78.1,0.0,14.86,-0.0,-0.0,-0.0,-0.0,-0.0,0.0,3.85,-0.0,11.19,-0.0,-0.0,-0.0,90.0,90.0,90.0,90.0,90.0,-14.08,-17.1
379,0.0,25.6,18.05,-17.98,90.0,-79.59,0.0,15.65,-0.0,-0.0,-0.0,-0.0,-0.0,0.0,3.85,-0.0,11.19,-0.0,-0.0,-0.0,90.0,90.0,90.0,90.0,90.0,-14.08,-17.1
380,0.0,25.6,18.05,-17.98,90.0,-80.1,0.0,15.92,-0.0,-0.0,-0.0,-0.0,0.0,0.0,3.85,-0.0,11.19,-0.0,-0.0,-0.0,90.0,90.0,90.0,90.0,90.0,-14.08,-17.1
381,0.0,25.6,18.05,-17.98,90.0,-80.1,0.0,15.92,-0.0,-0.0,-0.0,-0.0,0.0,0.0,3.85,-0.0,11.19,-0.0,-0.0,-0.0,90.0,90.0,90.0,90.0,90.0,-14.08,-17.1
382,0.0,25.6,18.05,-17.98,90.0,-80.1,0.0,15.92,-0.0,-0.0,-0.0,-0.0,0.0,0.0,3.85,-0.0,11.19,-0.0,-0.0,-0.0,90.0,90.0,90.0,90.0,90.0,-14.08,-17.1
383,0.0,25.6,18.05,-17.98,90.0,-80.1,0.0,15.92,-0.0,-0.0,-0.0,-0.0,0.0,0.0,3.85,-0.0,11.19,-0.0,-0.0,-0.0,90.0,90.0,90.0,90.0,90.0,-14.08,-17.1
384,0.0,25.6,18.05,-17.98,90.0,-80.1,0.0,15.92,-0.0,-0.0,-0.0,-0.0,0.0,0.0,3.85,-0.0,11.19,-0.0,-0.0,-0.0,90.0,90.0,90.0,90.0,90.0,-14.08,-17.1
385,0.0,25.6,18.05,-17.98,90.0,-80.1,0.0,15.92,-0.0,-0.0,-0.0,-0.0,0.0,0.0,3.85,-0.0,11.19,-0.0,-0.0,-0.0,90.0,90.0,90.0,90.0,90.0,-14.08,-17.1
386,0.0,25.6,18.05,-17.98,90.0,-80.1,0.0,15.92,-0.0,-0.0,-0.0,-0.0,0.0,0.0,3.85,-0.0,11.19,-0.0,-0.0,-0.0,90.0,90.0,90.0,90.0,90.0,-14.08,-17.1
387,0.0,25.6,18.05,-17.98,90.0,-80.1,0.0,15.92,-0.0,-0.0,-0.0,-0.0,0.0,0.0,3.85,-0.0,11.19,-0.0,-0.0,-0.0,90.0,90.0,90.0,90.0,90.0,-14.08,-17.1
388,0.0,25.6,18.05,-17.98,90.0,-80.1,0.0,15.92,-0.0,-0.0,-0.0,-0.0,0.0,0.0,3.85,-0.0,11.19,-0.0,-0.0,-0.0,90.0,90.0,90.0,90.0,90.0,-14.08,-17.1
389,0.0,25.6,18.05,-17.98,90.0,-80.1,0.0,15.92,-0.0,-0.0,-0.0,-0.0,0.0,0.0,3.85,-0.0,11.19,-0.0,-0.0,-0.0,90.0,90.0,90.0,90.0,90.0,-14.08,-17.1
390,0.0,25.6,18.05,-17.98,90.0,-80.1,0.0,15.92,-0.0,-0.0,-0.0,-0.0,0.0,0.0,3.85,-0.0,11.19,-0.0,-0.0,-0.0,90.0,90.0,90.0,90.0,90.0,-14.08,-17.1
391,0.0,25.49,17.98,-17.91,89.63,-79.77,-0.0,15.85,2.52,2.52,2.52,2.52,2.52,0.0,3.85,-0.0,11.19,-0.0,-0.0,-0.0,90.0,90.0,90.0,90.0,90.0,-14.02,-17.03
392,0.0,25.19,17.76,-17.69,88.55,-78.82,0.0,15.66,9.36,9.36,9.36,9.36,9.36,0.0,3.85,-0.0,11.19,-0.0,-0.0,-0.0,90.0,90.0,90.0,90.0,90.0,-13.85,-16.83
393,0.0,24.7,17.42,-17.35,86.84,-77.29,-0.0,15.36,19.44,19.44,19.44,19.44,19.44,0.0,3.85,-0.0,11.19,-0.0,-0.0,-0.0,90.0,90.0,90.0,90.0,90.0,-13.58,-16.5
394,0.0,24.05,16.96,-16.89,84.56,-75.26,-0.0,14.96,31.68,31.68,31.68,31.68,31.68,0.0,3.85,-0.0,11.19,-0.0,-0.0,-0.0,90.0,90.0,90.0,90.0,90.0,-13.23,-16.07
395,0.0,23.26,16.4,-16.34,81.77,-72.78,-0.0,14.46,45.0,45.0,45.0,45.0,45.0,0.0,3.85,-0.0,11.19,-0.0,-0.0,-0.0,90.0,90.0,90.0,90.0,90.0,-12.79,-15.54
396,0.0,22.34,15.75,-15.69,78.54,-69.9,0.0,13.89,58.32,58.32,58.32,58.32,58.32,0.0,3.85,-0.0,11.19,-0.0,-0.0,-0.0,90.0,90.0,90.0,90.0,90.0,-12.29,-14.93
397,0.0,21.31,15.03,-14.97,74.93,-66.69,0.0,13.25,70.56,70.56,70.56,70.56,70.56,0.0,3.85,-0.0,11.19,-0.0,-0.0,-0.0,90.0,90.0,90.0,90.0,90.0,-11.72,-14.24
398,0.0,20.2,14.24,-14.19,71.01,-63.2,0.0,12.56,80.64,80.64,80.64,80.64,80.64,0.0,3.85,-0.0,11.19,-0.0,-0.0,-0.0,90.0,90.0,90.0,90.0,90.0,-11.11,-13.5
399,0.0,19.01,13.41,-13.36,66.85,-59.5,-0.0,11.82,87.48,87.48,87.48,87.48,87.48,0.0,3.85,-0.0,11.19,-0.0,-0.0,-0.0,90.0,90.0,90.0,90.0,90.0,-10.46,-12.7
400,0.0,17.78,12.54,-12.49,62.5,-55.63,0.0,11.06,90.0,90.0,90.0,90.0,90.0,0.0,3.85,-0.0,11.19,-0.0,-0.0,-0.0,90.0,90.0,90.0,90.0,90.0,-9.78,-11.88
401,0.0,16.51,11.64,-11.6,58.04,-51.65,0.0,10.27,90.0,90.0,90.0,90.0,90.0,0.0,3.85,-0.0,11.19,-0.0,-0.0,-0.0,90.0,90.0,90.0,90.0,90.0,-9.08,-11.03
402,0.0,15.22,10.74,-10.69,53.52,-47.63,-0.0,9.47,90.0,90.0,90.0,90.0,90.0,0.0,3.85,-0.0,11.19,-0.0,-0.0,-0.0,90.0,90.0,90.0,90.0,90.0,-8.37,-10.17
403,0.0,13.94,9.83,-9.79,49.02,-43.63,-0.0,8.67,90.0,90.0,90.0,90.0,90.0,0.0,3.85,-0.0,11.19,-0.0,-0.0,-0.0,90.0,90.0,90.0,90.0,90.0,-7.67,-9.32
404,0.0,12.68,8.94,-8.91,44.59,-39.69,-0.0,7.89,90.0,90.0,90.0,90.0,90.0,0.0,3.85,-0.0,11.19,-0.0,-0.0,-0.0,90.0,90.0,90.0,90.0,90.0,-6.98,-8.47
405,0.0,11.47,8.09,-8.05,40.31,-35.88,0.0,7.13,90.0,90.0,90.0,90.0,90.0,0.0,3.85,-0.0,11.19,-0.0,-0.0,-0.0,90.0,90.0,90.0,90.0,90.0,-6.31,-7.66
406,0.0,10.31,7.27,-7.24,36.24,-32.25,-0.0,6.41,90.0,90.0,90.0,90.0,90.0,0.0,3.85,-0.0,11.19,-0.0,-0.0,-0.0,90.0,90.0,90.0,90.0,90.0,-5.67,-6.89
407,0.0,9.23,6.51,-6.48,32.44,-28.87,-0.0,5.74,90.0,90.0,90.0,90.0,90.0,0.0,3.85,-0.0,11.19,-0.0,-0.0,-0.0,90.0,90.0,90.0,90.0,90.0,-5.07,-6.17
408,0.0,8.24,5.81,-5.79,28.98,-25.79,0.0,5.13,90.0,90.0,90.0,90.0,90.0,0.0,3.85,-0.0,11.19,-0.0,-0.0,-0.0,90.0,90.0,90.0,90.0,90.0,-4.53,-5.51
409,0.0,7.37,5.2,-5.18,25.92,-23.07,-0.0,4.59,90.0,90.0,90.0,90.0,90.0,0.0,3.85,-0.0,11.19,-0.0,-0.0,-0.0,90.0,90.0,90.0,90.0,90.0,-4.05,-4.93
410,0.0,6.64,4.68,-4.66,23.33,-20.77,0.0,4.13,90.0,90.0,90.0,90.0,90.0,0.0,3.85,-0.0,11.19,-0.0,-0.0,-0.0,90.0,90.0,90.0,90.0,90.0,-3.65,-4.43
411,0.0,5.99,4.23,-4.21,21.08,-18.76,-0.0,3.73,89.71,89.71,89.71,89.71,89.71,0.0,3.83,-0.0,11.15,-0.0,0.0,0.0,89.71,89.71,89.71,89.71,89.71,-3.3,-4.01
412,0.0,5.4,3.81,-3.79,18.97,-16.88,-0.0,3.36,88.85,88.85,88.85,88.85,88.85,0.0,3.8,-0.0,11.05,-0.0,0.0,-0.0,88.85,88.85,88.85,88.85,88.85,-2.97,-3.61
413,0.0,4.84,3.41,-3.4,17.01,-15.14,0.0,3.01,87.48,87.48,87.48,87.48,87.48,0.0,3.74,-0.0,10.88,-0.0,0.0,-0.0,87.48,87.48,87.48,87.48,87.48,-2.66,-3.23
414,0.0,4.32,3.05,-3.03,15.19,-13.52,-0.0,2.69,85.63,85.63,85.63,85.63,85.63,0.0,3.66,-0.0,10.65,-0.0,0.0,-0.0,85.63,85.63,85.63,85.63,85.63,-2.38,-2.89
415,0.0,3.84,2.71,-2.7,13.5,-12.02,-0.0,2.39,83.33,83.33,83.33,83.33,83.33,0.0,3.56,-0.0,10.36,-0.0,0.0,-0.0,83.33,83.33,83.33,83.33,83.33,-2.11,-2.57
416,0.0,3.4,2.4,-2.39,11.95,-10.63,-0.0,2.11,80.64,80.64,80.64,80.64,80.64,0.0,3.45,-0.0,10.03,-0.0,0.0,-0.0,80.64,80.64,80.64,80.64,80.64,-1.87,-2.27
417,0.0,2.99,2.11,-2.1,10.51,-9.36,0.0,1.86,77.59,77.59,77.59,77.59,77.59,0.0,3.32,-0.0,9.65,-0.0,-0.0,0.0,77.59,77.59,77.59,77.59,77.59,-1.64,-2.0
418,0.0,2.62,1.85,-1.84,9.2,-8.19,0.0,1.63,74.21,74.21,74.21,74.21,74.21,0.0,3.17,-0.0,9.23,-0.0,-0.0,0.0,74.21,74.21,74.21,74.21,74.21,-1.44,-1.75
419,0.0,2.28,1.61,-1.6,8.0,-7.12,0.0,1.42,70.56,70.56,70.56,70.56,70.56,0.0,3.01,-0.0,8.77,0.0,0.0,0.0,70.56,70.56,70.56,70.56,70.56,-1.25,-1.52
420,0.0,1.97,1.39,-1.38,6.91,-6.15,0.0,1.22,66.67,66.67,66.67,66.67,66.67,0.0,2.85,-0.0,8.29,0.0,0.0,-0.0,66.67,66.67,66.67,66.67,66.67,-1.08,-1.31
421,0.0,1.69,1.19,-1.18,5.93,-5.28,-0.0,1.05,62.57,62.57,62.57,62.57,62.57,0.0,2.67,-0.0,7.78,0.0,0.0,-0.0,62.57,62.57,62.57,62.57,62.57,-0.93,-1.13
422,0.0,1.43,1.01,-1.01,5.04,-4.49,-0.0,0.89,58.32,58.32,58.32,58.32,58.32,0.0,2.49,-0.0,7.25,-0.0,0.0,-0.0,58.32,58.32,58.32,58.32,58.32,-0.79,-0.96
423,0.0,1.21,0.85,-0.85,4.25,-3.78,0.0,0.75,53.95,53.95,53.95,53.95,53.95,0.0,2.31,-0.0,6.71,-0.0,0.0,0.0,53.95,53.95,53.95,53.95,53.95,-0.66,-0.81
424,0.0,1.01,0.71,-0.71,3.54,-3.15,-0.0,0.63,49.49,49.49,49.49,49.49,49.49,0.0,2.11,-0.0,6.15,0.0,0.0,0.0,49.49,49.49,49.49,49.49,49.49,-0.55,-0.67
425,0.0,0.83,0.59,-0.58,2.92,-2.6,-0.0,0.52,45.0,45.0,45.0,45.0,45.0,0.0,1.92,-0.0,5.59,-0.0,-0.0,-0.0,45.0,45.0,45.0,45.0,45.0,-0.46,-0.55
426,0.0,0.67,0.48,-0.47,2.37,-2.11,-0.0,0.42,40.51,40.51,40.51,40.51,40.51,0.0,1.73,-0.0,5.04,0.0,0.0,-0.0,40.51,40.51,40.51,40.51,40.51,-0.37,-0.45
427,0.0,0.54,0.38,-0.38,1.9,-1.69,0.0,0.34,36.05,36.05,36.05,36.05,36.05,0.0,1.54,-0.0,4.48,0.0,0.0,-0.0,36.05,36.05,36.05,36.05,36.05,-0.3,-0.36
428,0.0,0.42,0.3,-0.3,1.49,-1.33,-0.0,0.26,31.68,31.68,31.68,31.68,31.68,0.0,1.35,-0.0,3.94,-0.0,-0.0,-0.0,31.68,31.68,31.68,31.68,31.68,-0.23,-0.28
429,0.0,0.33,0.23,-0.23,1.15,-1.02,0.0,0.2,27.43,27.43,27.43,27.43,27.43,0.0,1.17,-0.0,3.41,-0.0,-0.0,0.0,27.43,27.43,27.43,27.43,27.43,-0.18,-0.22
430,0.0,0.25,0.17,-0.17,0.86,-0.77,-0.0,0.15,23.33,23.33,23.33,23.33,23.33,0.0,1.0,-0.0,2.9,0.0,0.0,-0.0,23.33,23.33,23.33,23.33,23.33,-0.14,-0.16
431,0.0,0.18,0.13,-0.13,0.63,-0.56,-0.0,0.11,19.44,19.44,19.44,19.44,19.44,0.0,0.83,-0.0,2.42,0.0,0.0,-0.0,19.44,19.44,19.44,19.44,19.44,-0.1,-0.12
432,0.0,0.13,0.09,-0.09,0.44,-0.39,-0.0,0.08,15.79,15.79,15.79,15.79,15.79,0.0,0.67,-0.0,1.96,-0.0,0.0,0.0,15.79,15.79,15.79,15.79,15.79,-0.07,-0.08
433,0.0,0.08,0.06,-0.06,0.3,-0.26,0.0,0.05,12.41,12.41,12.41,12.41,12.41,0.0,0.53,-0.0,1.54,0.0,-0.0,0.0,12.41,12.41,12.41,12.41,12.41,-0.05,-0.06
434,0.0,0.05,0.04,-0.04,0.19,-0.17,-0.0,0.03,9.36,9.36,9.36,9.36,9.36,0.0,0.4,-0.0,1.16,0.0,0.0,0.0,9.36,9.36,9.36,9.36,9.36,-0.03,-0.04
435,0.0,0.03,0.02,-0.02,0.11,-0.1,0.0,0.02,6.67,6.67,6.67,6.67,6.67,0.0,0.28,-0.0,0.83,-0.0,0.0,0.0,6.67,6.67,6.67,6.67,6.67,-0.02,-0.02
436,0.0,0.02,0.01,-0.01,0.06,-0.05,0.0,0.01,4.37,4.37,4.37,4.37,4.37,0.0,0.19,-0.0,0.54,-0.0,0.0,0.0,4.37,4.37,4.37,4.37,4.37,-0.01,-0.01
437,0.0,0.01,0.0,-0.0,0.02,-0.02,0.0,0.0,2.52,2.52,2.52,2.52,2.52,0.0,0.11,-0.0,0.31,0.0,-0.0,-0.0,2.52,2.52,2.52,2.52,2.52,-0.0,-0.0
438,0.0,0.0,0.0,-0.0,0.01,-0.01,-0.0,0.0,1.15,1.15,1.15,1.15,1.15,0.0,0.05,-0.0,0.14,-0.0,0.0,-0.0,1.15,1.15,1.15,1.15,1.15,-0.0,-0.0
439,0.0,0.0,0.0,-0.0,0.0,-0.0,-0.0,0.0,0.29,0.29,0.29,0.29,0.29,0.0,0.01,-0.0,0.04,-0.0,-0.0,-0.0,0.29,0.29,0.29,0.29,0.29,-0.0,-0.0
440,0.0,0.0,-0.0,-0.0,0.0,-0.0,0.0,-0.0,-0.0,-0.0,0.0,0.0,-0.0,0.0,0.0,-0.0,0.0,-0.0,0.0,0.0,0.0,-0.0,0.0,0.0,-0.0,-0.0,-0.0
